dataset,model,spots,rmse,mean_jsd,aupr_micro,guardrail_pass,accuracy,macro_f1,cells,labels
seqFISH+ cortex/SVZ,marker_only,63,0.20218390903848177,0.4897900210776825,0.5234847282295964,False,0.31823461091753774,0.29735532557323174,861,11
seqFISH+ cortex/SVZ,logreg_only,63,0.08832416109948411,0.12287835970380523,0.8217583017705319,False,0.6910569105691057,0.5471769355677363,861,11
seqFISH+ cortex/SVZ,linear_svm,63,0.09652452385609114,0.1629534796230523,0.7669064011779709,False,0.6260162601626016,0.4830757196130442,861,11
seqFISH+ cortex/SVZ,pca_knn,63,0.1040259340682191,0.14832496739068138,0.7638272981247984,False,0.6829268292682927,0.5028073177039573,861,11
seqFISH+ cortex/SVZ,extra_trees,63,0.11435138859321536,0.14569131673072314,0.7625401912214793,False,0.6922183507549361,0.5447312422776073,861,11
seqFISH+ cortex/SVZ,singler_native,63,0.08371024346967713,0.10599998192869929,0.841717415421662,False,0.7177700348432056,0.5337431844024537,861,11
seqFISH+ cortex/SVZ,spatial_smoothing,63,0.2229129192169063,0.5069297710399816,0.5696453722453866,False,0.29500580720092917,0.2680675041795005,861,11
seqFISH+ cortex/SVZ,spatial_smoothing_random_graph,63,0.2155472083221785,0.5156528274587636,0.5399794699208738,False,0.2857142857142857,0.27401004001312734,861,11
seqFISH+ cortex/SVZ,learned_neighborhood,63,0.22346188862440908,0.5636929828980316,0.43875204238888194,False,0.26364692218350755,0.26409515505393877,861,11
seqFISH+ cortex/SVZ,learned_random_graph,63,0.21049544544022086,0.5458806563564352,0.43999941965863165,False,0.28339140534262486,0.2815269765379092,861,11
seqFISH+ cortex/SVZ,learned_permuted_prior,63,0.21864604256284248,0.5134119123151666,0.4881408238539335,False,0.289198606271777,0.2812725852895506,861,11
seqFISH+ cortex/SVZ,context_specific,63,0.21987356900201263,0.5593930057167238,0.42183062137881455,False,0.2787456445993031,0.27623837826846914,861,11
seqFISH+ cortex/SVZ,gated_spatial_smoothing,63,0.21311042718073403,0.5007637713775446,0.5518161817364728,False,0.3077816492450639,0.28463398917654353,861,11
seqFISH+ cortex/SVZ,gated_spatial_smoothing_random_graph,63,0.20862168696352132,0.504022164950404,0.5372643607333532,False,0.305458768873403,0.2884925405238077,861,11
seqFISH+ cortex/SVZ,gated_learned_neighborhood,63,0.20884854210775922,0.5064393578457033,0.5023484762317141,False,0.29965156794425085,0.28714079635061474,861,11
seqFISH+ cortex/SVZ,gated_learned_random_graph,63,0.2071932396197016,0.523312173326898,0.4905485964215504,False,0.30197444831591175,0.29415289699412545,861,11
seqFISH+ cortex/SVZ,gated_learned_permuted_prior,63,0.20762810825988168,0.5014145287890422,0.5222936908704743,False,0.3124274099883856,0.29873614361191975,861,11
seqFISH+ cortex/SVZ,gated_context_specific,63,0.20626367380916918,0.504151283671189,0.5098696183202415,False,0.30662020905923343,0.2916610583636111,861,11
seqFISH+ cortex/SVZ,logreg_learned_neighborhood,63,0.19999628502664563,0.44571973212710164,0.5079755816797182,False,0.3426248548199768,0.31724995617637264,861,11
seqFISH+ cortex/SVZ,logreg_learned_random_graph,63,0.1942696932269749,0.45263960127112535,0.46008900492285115,False,0.3321718931475029,0.3242826018351953,861,11
seqFISH+ cortex/SVZ,logreg_learned_permuted_prior,63,0.2110061790168164,0.4776123174988385,0.49422637115227325,False,0.305458768873403,0.2874772816159686,861,11
seqFISH+ cortex/SVZ,logreg_context_specific,63,0.19964857798933777,0.47767736817211015,0.4516031494764652,False,0.3147502903600465,0.3152796233820166,861,11
seqFISH+ cortex/SVZ,gated_logreg_learned_neighborhood,63,0.17476588352844763,0.3651226506301204,0.612582724390716,False,0.37282229965156793,0.34129028285149954,861,11
seqFISH+ cortex/SVZ,gated_logreg_learned_random_graph,63,0.17444544105585397,0.3748692561815992,0.58593031459418,False,0.37630662020905925,0.3479303661995707,861,11
seqFISH+ cortex/SVZ,gated_logreg_learned_permuted_prior,63,0.17425177320009252,0.3678338342779027,0.6102295549756989,False,0.3704994192799071,0.3384051354508155,861,11
seqFISH+ cortex/SVZ,gated_logreg_context_specific,63,0.17457137821928218,0.36990599295187054,0.591921556998684,False,0.3786295005807201,0.35594881086613017,861,11
seqFISH+ cortex/SVZ,nested_logreg_learned_neighborhood,63,0.08832416109948411,0.12287835970380523,0.8217583017705319,False,0.6910569105691057,0.5471769355677363,861,11
seqFISH+ cortex/SVZ,nested_logreg_learned_random_graph,63,0.08832416109948411,0.12287835970380523,0.8217583017705319,False,0.6910569105691057,0.5471769355677363,861,11
seqFISH+ cortex/SVZ,nested_logreg_learned_permuted_prior,63,0.08832416109948411,0.12287835970380523,0.8217583017705319,False,0.6910569105691057,0.5471769355677363,861,11
seqFISH+ cortex/SVZ,nested_logreg_context_specific,63,0.08832416109948411,0.12287835970380523,0.8217583017705319,False,0.6910569105691057,0.5471769355677363,861,11
seqFISH+ cortex/SVZ,nested_gated_logreg_learned_neighborhood,63,0.08832416109948411,0.12287835970380523,0.8217583017705319,False,0.6910569105691057,0.5471769355677363,861,11
seqFISH+ cortex/SVZ,nested_gated_logreg_learned_random_graph,63,0.08832416109948411,0.12287835970380523,0.8217583017705319,False,0.6910569105691057,0.5471769355677363,861,11
seqFISH+ cortex/SVZ,nested_gated_logreg_learned_permuted_prior,63,0.08832416109948411,0.12287835970380523,0.8217583017705319,False,0.6910569105691057,0.5471769355677363,861,11
seqFISH+ cortex/SVZ,nested_gated_logreg_context_specific,63,0.08832416109948411,0.12287835970380523,0.8217583017705319,False,0.6910569105691057,0.5471769355677363,861,11
seqFISH+ olfactory bulb,marker_only,62,0.19078680690003894,0.3333907134781589,0.7043925484760092,False,0.3637709772951629,0.38088443883107365,2026,8
seqFISH+ olfactory bulb,logreg_only,62,0.08714638812837333,0.05469649044780479,0.9532802545225723,False,0.6855873642645607,0.7680179404576548,2026,8
seqFISH+ olfactory bulb,linear_svm,62,0.09107465215754365,0.07302816136969034,0.9422183475006476,False,0.6638696939782823,0.6838888203424596,2026,8
seqFISH+ olfactory bulb,pca_knn,62,0.07167451420993186,0.051776426808525164,0.9141061700523457,False,0.7537018756169793,0.7611769796394423,2026,8
seqFISH+ olfactory bulb,extra_trees,62,0.06970992715048199,0.03962057168558256,0.9535164494765768,False,0.7847976307996052,0.8007384848006909,2026,8
seqFISH+ olfactory bulb,singler_native,62,0.0689027362750245,0.044353879108864874,0.9415166798066315,False,0.7245804540967423,0.7547491925454913,2026,8
seqFISH+ olfactory bulb,spatial_smoothing,62,0.20568272884313954,0.35814361011276086,0.7124674637523759,False,0.3474827245804541,0.3813164760128142,2026,8
seqFISH+ olfactory bulb,spatial_smoothing_random_graph,62,0.20824404763006998,0.3810150866435068,0.6660775438991337,False,0.33711747285291216,0.365853065793717,2026,8
seqFISH+ olfactory bulb,learned_neighborhood,62,0.2189520684268418,0.4054704909008438,0.6461916009975979,False,0.3070088845014807,0.32943164880627507,2026,8
seqFISH+ olfactory bulb,learned_random_graph,62,0.20724718814720894,0.4015910369919032,0.6416414256991646,False,0.3089832181638697,0.32582862180502636,2026,8
seqFISH+ olfactory bulb,learned_permuted_prior,62,0.21092952123016143,0.3904799346574333,0.6781447680426147,False,0.3302073050345508,0.34556432549090577,2026,8
seqFISH+ olfactory bulb,context_specific,62,0.20852718330762723,0.38524232958121607,0.6552911890132096,False,0.32181638696939785,0.3446297787384901,2026,8
seqFISH+ olfactory bulb,gated_spatial_smoothing,62,0.19816629862807406,0.34852885374442194,0.7066851485058787,False,0.35735439289239884,0.3819166197437168,2026,8
seqFISH+ olfactory bulb,gated_spatial_smoothing_random_graph,62,0.20014573919845427,0.3578715328305812,0.6834943013880692,False,0.34995064165844025,0.3741294967027629,2026,8
seqFISH+ olfactory bulb,gated_learned_neighborhood,62,0.2020407783179678,0.36346807443415,0.66845851992748,False,0.34501480750246794,0.36596177917181094,2026,8
seqFISH+ olfactory bulb,gated_learned_random_graph,62,0.19864911691194478,0.36587200619506216,0.6717220832766047,False,0.3464955577492596,0.36521315844333013,2026,8
seqFISH+ olfactory bulb,gated_learned_permuted_prior,62,0.1995321929549101,0.3638213930834652,0.6905874947892477,False,0.3568608094768016,0.375826831191719,2026,8
seqFISH+ olfactory bulb,gated_context_specific,62,0.1969056441061043,0.3517605983351862,0.6813790016496176,False,0.3489634748272458,0.3700625265476374,2026,8
seqFISH+ olfactory bulb,logreg_learned_neighborhood,62,0.1878087454511807,0.3044497493977112,0.7700527362740719,False,0.3874629812438302,0.38271812503712876,2026,8
seqFISH+ olfactory bulb,logreg_learned_random_graph,62,0.18488769413609157,0.3236993591875445,0.7347221668280062,False,0.3474827245804541,0.33780615626906224,2026,8
seqFISH+ olfactory bulb,logreg_learned_permuted_prior,62,0.19511980048820143,0.34601420910155756,0.7002958382752051,False,0.3425468904244817,0.33156129666561146,2026,8
seqFISH+ olfactory bulb,logreg_context_specific,62,0.19743786026073873,0.3359651651756257,0.7322716981171654,False,0.35636722606120436,0.35654625151935765,2026,8
seqFISH+ olfactory bulb,gated_logreg_learned_neighborhood,62,0.16911505144005426,0.25803452043237,0.8200216558658326,False,0.43237907206317866,0.4220929057311795,2026,8
seqFISH+ olfactory bulb,gated_logreg_learned_random_graph,62,0.166894319321287,0.26066789829403125,0.836464990511223,False,0.4220138203356367,0.41450481964510766,2026,8
seqFISH+ olfactory bulb,gated_logreg_learned_permuted_prior,62,0.16711458365713358,0.25940235362861475,0.8081269734878935,False,0.42744323790720634,0.4129717191574358,2026,8
seqFISH+ olfactory bulb,gated_logreg_context_specific,62,0.1661062044579366,0.2511303638449944,0.8361896075450586,False,0.42843040473840077,0.41428648486693176,2026,8
seqFISH+ olfactory bulb,nested_logreg_learned_neighborhood,62,0.08714638812837333,0.05469649044780479,0.9532802545225723,False,0.6855873642645607,0.7680179404576548,2026,8
seqFISH+ olfactory bulb,nested_logreg_learned_random_graph,62,0.08714638812837333,0.05469649044780479,0.9532802545225723,False,0.6855873642645607,0.7680179404576548,2026,8
seqFISH+ olfactory bulb,nested_logreg_learned_permuted_prior,62,0.08714638812837333,0.05469649044780479,0.9532802545225723,False,0.6855873642645607,0.7680179404576548,2026,8
seqFISH+ olfactory bulb,nested_logreg_context_specific,62,0.08714638812837333,0.05469649044780479,0.9532802545225723,False,0.6855873642645607,0.7680179404576548,2026,8
seqFISH+ olfactory bulb,nested_gated_logreg_learned_neighborhood,62,0.08714638812837333,0.05469649044780479,0.9532802545225723,False,0.6855873642645607,0.7680179404576548,2026,8
seqFISH+ olfactory bulb,nested_gated_logreg_learned_random_graph,62,0.08714638812837333,0.05469649044780479,0.9532802545225723,False,0.6855873642645607,0.7680179404576548,2026,8
seqFISH+ olfactory bulb,nested_gated_logreg_learned_permuted_prior,62,0.08714638812837333,0.05469649044780479,0.9532802545225723,False,0.6855873642645607,0.7680179404576548,2026,8
seqFISH+ olfactory bulb,nested_gated_logreg_context_specific,62,0.08714638812837333,0.05469649044780479,0.9532802545225723,False,0.6855873642645607,0.7680179404576548,2026,8
