dataset,held_out_fov,family,weight,accuracy,macro_f1,rmse,mean_jsd,aupr_micro,objective,baseline_objective,selected,selected_weight,auto_rejected_spatial
seqFISH+ cortex/SVZ,0,nested_logreg_learned_neighborhood,0.0,0.6473755047106325,0.5143025562226087,0.10482081253127196,0.1591496324389215,0.7784886799258413,1.1906646673559147,1.1906646673559147,True,0.0,True
seqFISH+ cortex/SVZ,0,nested_logreg_learned_neighborhood,0.05,0.3795423956931359,0.3620837216569512,0.1767453645392331,0.3719685355433263,0.6111278211185278,0.5193832416162036,1.1906646673559147,False,0.0,True
seqFISH+ cortex/SVZ,0,nested_logreg_learned_neighborhood,0.1,0.37415881561238223,0.35599139029973226,0.17732670054159938,0.37459740282267523,0.6008058339308244,0.49841282476937765,1.1906646673559147,False,0.0,True
seqFISH+ cortex/SVZ,0,nested_logreg_learned_neighborhood,0.2,0.3728129205921938,0.35829902567310445,0.18292070620149667,0.38646383498194226,0.5916203222265273,0.4737380368642412,1.1906646673559147,False,0.0,True
seqFISH+ cortex/SVZ,0,nested_logreg_learned_neighborhood,0.35,0.3566621803499327,0.3358308474425261,0.19787651217763277,0.43888817197859165,0.5260988620260205,0.3143305703998054,1.1906646673559147,False,0.0,True
seqFISH+ cortex/SVZ,0,nested_logreg_learned_neighborhood,0.5,0.3243606998654105,0.3119995914606722,0.21014457962252475,0.48004281209648025,0.48496545571059857,0.18786783041861843,1.1906646673559147,False,0.0,True
seqFISH+ cortex/SVZ,0,nested_logreg_context_specific,0.0,0.6473755047106325,0.5143025562226087,0.10482081253127196,0.1591496324389215,0.7784886799258413,1.1906646673559147,1.1906646673559147,True,0.0,True
seqFISH+ cortex/SVZ,0,nested_logreg_context_specific,0.05,0.3835800807537012,0.3646692778557661,0.17545431451920065,0.37014330970848724,0.619076954705893,0.5340436285223964,1.1906646673559147,False,0.0,True
seqFISH+ cortex/SVZ,0,nested_logreg_context_specific,0.1,0.38896366083445494,0.3664037420963197,0.17440576573187647,0.36365834872311625,0.6264804927782137,0.5520610356281545,1.1906646673559147,False,0.0,True
seqFISH+ cortex/SVZ,0,nested_logreg_context_specific,0.2,0.3795423956931359,0.36014863904067745,0.18049601303477428,0.3874537152638395,0.5903849451866632,0.4774694548520108,1.1906646673559147,False,0.0,True
seqFISH+ cortex/SVZ,0,nested_logreg_context_specific,0.35,0.35397039030955585,0.33938102908140544,0.1969315096708775,0.45281975896023713,0.5210010036637849,0.2991233616914647,1.1906646673559147,False,0.0,True
seqFISH+ cortex/SVZ,0,nested_logreg_context_specific,0.5,0.3082099596231494,0.30297955886470357,0.20849020505128807,0.502920167275842,0.45092558090041635,0.11954725734377732,1.1906646673559147,False,0.0,True
seqFISH+ cortex/SVZ,0,nested_gated_logreg_learned_neighborhood,0.0,0.6473755047106325,0.5143025562226087,0.10482081253127196,0.1591496324389215,0.7784886799258413,1.1906646673559147,1.1906646673559147,True,0.0,True
seqFISH+ cortex/SVZ,0,nested_gated_logreg_learned_neighborhood,0.05,0.5989232839838493,0.4921662130075328,0.10876747623166043,0.1837242727091331,0.78373773669864,1.1331430217613416,1.1906646673559147,False,0.0,True
seqFISH+ cortex/SVZ,0,nested_gated_logreg_learned_neighborhood,0.1,0.5962314939434724,0.48547345879059856,0.1092651900339275,0.18736390830894634,0.7763709207683442,1.1142731547019373,1.1906646673559147,False,0.0,True
seqFISH+ cortex/SVZ,0,nested_gated_logreg_learned_neighborhood,0.2,0.5935397039030955,0.4817405114069263,0.10870985258134352,0.18673880252406633,0.7777008965806973,1.1123776788579876,1.1906646673559147,False,0.0,True
seqFISH+ cortex/SVZ,0,nested_gated_logreg_learned_neighborhood,0.35,0.5841184387617766,0.4586869130614467,0.11072326073550588,0.197005450529966,0.7546506185558457,1.0516384300422648,1.1906646673559147,False,0.0,True
seqFISH+ cortex/SVZ,0,nested_gated_logreg_learned_neighborhood,0.5,0.5733512786002691,0.4487437627634572,0.11259286870943613,0.2010470323267598,0.7412674107778461,1.0197090921551746,1.1906646673559147,False,0.0,True
seqFISH+ cortex/SVZ,0,nested_gated_logreg_context_specific,0.0,0.6473755047106325,0.5143025562226087,0.10482081253127196,0.1591496324389215,0.7784886799258413,1.1906646673559147,1.1906646673559147,True,0.0,True
seqFISH+ cortex/SVZ,0,nested_gated_logreg_context_specific,0.05,0.6002691790040376,0.49375951946099406,0.10873705686217246,0.1827419146880325,0.7843863899511199,1.1367342326129184,1.1906646673559147,False,0.0,True
seqFISH+ cortex/SVZ,0,nested_gated_logreg_context_specific,0.1,0.6002691790040376,0.49163715273751857,0.1086954739819209,0.18238738233183213,0.7837103101710001,1.134331901345775,1.1906646673559147,False,0.0,True
seqFISH+ cortex/SVZ,0,nested_gated_logreg_context_specific,0.2,0.5962314939434724,0.483110830974991,0.10868487397651516,0.1865178641366795,0.777387619380439,1.1143535857281035,1.1906646673559147,False,0.0,True
seqFISH+ cortex/SVZ,0,nested_gated_logreg_context_specific,0.35,0.5881561238223418,0.46765367147519393,0.11049833236111092,0.1966373514044985,0.7574625616479718,1.065019580313142,1.1906646673559147,False,0.0,True
seqFISH+ cortex/SVZ,0,nested_gated_logreg_context_specific,0.5,0.5733512786002691,0.4502220809006223,0.11120647113914088,0.20149155633541269,0.7438207984831027,1.0246826715592385,1.1906646673559147,False,0.0,True
seqFISH+ cortex/SVZ,1,nested_logreg_learned_neighborhood,0.0,0.6693227091633466,0.5484664493694473,0.09729934605259884,0.13200846133321353,0.8177863094787903,1.304275628753262,1.304275628753262,True,0.0,True
seqFISH+ cortex/SVZ,1,nested_logreg_learned_neighborhood,0.05,0.38114209827357237,0.3702580878367593,0.17634382699146917,0.37655498060746134,0.5961102117155541,0.508755016521776,1.304275628753262,False,0.0,True
seqFISH+ cortex/SVZ,1,nested_logreg_learned_neighborhood,0.1,0.38114209827357237,0.37226564691686104,0.18405492699120798,0.40156901182503657,0.5698195072700974,0.4517467399391071,1.304275628753262,False,0.0,True
seqFISH+ cortex/SVZ,1,nested_logreg_learned_neighborhood,0.2,0.3784860557768924,0.3678480829075431,0.18503165771906335,0.40581922099813056,0.5698269846840096,0.44144570281858186,1.304275628753262,False,0.0,True
seqFISH+ cortex/SVZ,1,nested_logreg_learned_neighborhood,0.35,0.3652058432934927,0.3551196830797179,0.19064256737585827,0.424289382421718,0.5494002470141907,0.3808894411197056,1.304275628753262,False,0.0,True
seqFISH+ cortex/SVZ,1,nested_logreg_learned_neighborhood,0.5,0.3399734395750332,0.32116978375735616,0.20101200448254647,0.46576344557634297,0.49620167896223,0.23558937255445506,1.304275628753262,False,0.0,True
seqFISH+ cortex/SVZ,1,nested_logreg_context_specific,0.0,0.6693227091633466,0.5484664493694473,0.09729934605259884,0.13200846133321353,0.8177863094787903,1.304275628753262,1.304275628753262,True,0.0,True
seqFISH+ cortex/SVZ,1,nested_logreg_context_specific,0.05,0.38114209827357237,0.368232445276136,0.17593826524281306,0.3773708465178121,0.5982728531095254,0.5084817111934293,1.304275628753262,False,0.0,True
seqFISH+ cortex/SVZ,1,nested_logreg_context_specific,0.1,0.38114209827357237,0.3732191789087807,0.1784147180927612,0.3821889909734257,0.5945993745608167,0.5025003689718035,1.304275628753262,False,0.0,True
seqFISH+ cortex/SVZ,1,nested_logreg_context_specific,0.2,0.37317397078353254,0.3743631999039876,0.1818901723453424,0.39087490820685167,0.583521805330067,0.4784134173777437,1.304275628753262,False,0.0,True
seqFISH+ cortex/SVZ,1,nested_logreg_context_specific,0.35,0.33598937583001326,0.33766236800659755,0.19355730630352463,0.43717151041413843,0.53496731878071,0.3258982140271478,1.304275628753262,False,0.0,True
seqFISH+ cortex/SVZ,1,nested_logreg_context_specific,0.5,0.30278884462151395,0.3047320109645373,0.20665687645717665,0.5059535428334271,0.4577529078943592,0.12557171072367118,1.304275628753262,False,0.0,True
seqFISH+ cortex/SVZ,1,nested_gated_logreg_learned_neighborhood,0.0,0.6693227091633466,0.5484664493694473,0.09729934605259884,0.13200846133321353,0.8177863094787903,1.304275628753262,1.304275628753262,True,0.0,True
seqFISH+ cortex/SVZ,1,nested_gated_logreg_learned_neighborhood,0.05,0.5976095617529881,0.4915194321118683,0.10107735872622811,0.1722964471221255,0.7870720081377073,1.154620024839469,1.304275628753262,False,0.0,True
seqFISH+ cortex/SVZ,1,nested_gated_logreg_learned_neighborhood,0.1,0.601593625498008,0.49892227168613185,0.10117064394484668,0.17046478544258448,0.788943151088029,1.1666283997612317,1.304275628753262,False,0.0,True
seqFISH+ cortex/SVZ,1,nested_gated_logreg_learned_neighborhood,0.2,0.601593625498008,0.4959349163013815,0.10108411551027471,0.16867902936507395,0.7912881621510593,1.1678583399515943,1.304275628753262,False,0.0,True
seqFISH+ cortex/SVZ,1,nested_gated_logreg_learned_neighborhood,0.35,0.601593625498008,0.4892337698731396,0.10131199381522724,0.16554420635183295,0.7956549839188621,1.1684309599994438,1.304275628753262,False,0.0,True
seqFISH+ cortex/SVZ,1,nested_gated_logreg_learned_neighborhood,0.5,0.5976095617529881,0.4736258427138262,0.1031150714012232,0.17547415682406473,0.772072269059154,1.1165112739859393,1.304275628753262,False,0.0,True
seqFISH+ cortex/SVZ,1,nested_gated_logreg_context_specific,0.0,0.6693227091633466,0.5484664493694473,0.09729934605259884,0.13200846133321353,0.8177863094787903,1.304275628753262,1.304275628753262,True,0.0,True
seqFISH+ cortex/SVZ,1,nested_gated_logreg_context_specific,0.05,0.598937583001328,0.49248998471143324,0.10081530065999182,0.17227658315652553,0.7882946471014639,1.1574271437467119,1.304275628753262,False,0.0,True
seqFISH+ cortex/SVZ,1,nested_gated_logreg_context_specific,0.1,0.602921646746348,0.5006599250362385,0.10037095805303706,0.168817811239097,0.7930581108954097,1.1752596783261011,1.304275628753262,False,0.0,True
seqFISH+ cortex/SVZ,1,nested_gated_logreg_context_specific,0.2,0.601593625498008,0.49621553835447396,0.1008238549334085,0.1691919626816891,0.7932331932597746,1.169831320373653,1.304275628753262,False,0.0,True
seqFISH+ cortex/SVZ,1,nested_gated_logreg_context_specific,0.35,0.5936254980079682,0.4728006903358489,0.10150767733737852,0.1746683937886744,0.7815834418136213,1.1266144355254095,1.304275628753262,False,0.0,True
seqFISH+ cortex/SVZ,1,nested_gated_logreg_context_specific,0.5,0.5816733067729084,0.4497875666994881,0.10276641071880424,0.1822165375917798,0.7716525365187424,1.0818754816008735,1.304275628753262,False,0.0,True
seqFISH+ cortex/SVZ,2,nested_logreg_learned_neighborhood,0.0,0.6900129701686122,0.5222106724071977,0.09355145437491441,0.12440613071136121,0.823209597121665,1.2999659269847401,1.2999659269847401,True,0.0,True
seqFISH+ cortex/SVZ,2,nested_logreg_learned_neighborhood,0.05,0.4046692607003891,0.36912844937853434,0.16990754925119497,0.3491150092898696,0.6386630072270737,0.5899362132396407,1.2999659269847401,False,0.0,True
seqFISH+ cortex/SVZ,2,nested_logreg_learned_neighborhood,0.1,0.3955901426718547,0.3614059131308365,0.1741245564559209,0.361387586694299,0.6255412840341755,0.5503325896827558,1.2999659269847401,False,0.0,True
seqFISH+ cortex/SVZ,2,nested_logreg_learned_neighborhood,0.2,0.39169909208819714,0.36127519691813786,0.18144169543393812,0.39036239574566634,0.5918742411206191,0.47927011988120183,1.2999659269847401,False,0.0,True
seqFISH+ cortex/SVZ,2,nested_logreg_learned_neighborhood,0.35,0.37094682230869,0.3464900308509625,0.1897288195833648,0.4188095215926313,0.5635666207088594,0.39425501596099843,1.2999659269847401,False,0.0,True
seqFISH+ cortex/SVZ,2,nested_logreg_learned_neighborhood,0.5,0.3463035019455253,0.32412034261618233,0.20273902966894639,0.4678970337515026,0.496757969536375,0.23681812421848966,1.2999659269847401,False,0.0,True
seqFISH+ cortex/SVZ,2,nested_logreg_context_specific,0.0,0.6900129701686122,0.5222106724071977,0.09355145437491441,0.12440613071136121,0.823209597121665,1.2999659269847401,1.2999659269847401,True,0.0,True
seqFISH+ cortex/SVZ,2,nested_logreg_context_specific,0.05,0.40077821011673154,0.36747974184255305,0.16761152564180062,0.3394361521524539,0.6584983375564658,0.6191249541339471,1.2999659269847401,False,0.0,True
seqFISH+ cortex/SVZ,2,nested_logreg_context_specific,0.1,0.40077821011673154,0.3652239631129828,0.16878479424799622,0.34348169399045503,0.6537029638379933,0.6068549912417076,1.2999659269847401,False,0.0,True
seqFISH+ cortex/SVZ,2,nested_logreg_context_specific,0.2,0.3865110246433204,0.3565815994350586,0.17898580304108339,0.3790683202047311,0.5906069388905363,0.48576217124061055,1.2999659269847401,False,0.0,True
seqFISH+ cortex/SVZ,2,nested_logreg_context_specific,0.35,0.35797665369649806,0.33996531562660665,0.19325168964817996,0.4468614922172913,0.5057142094029954,0.29506050658825533,1.2999659269847401,False,0.0,True
seqFISH+ cortex/SVZ,2,nested_logreg_context_specific,0.5,0.2892347600518807,0.2856310605385332,0.21411003928467842,0.5180939102321385,0.4269437681247937,0.052679569159480175,1.2999659269847401,False,0.0,True
seqFISH+ cortex/SVZ,2,nested_gated_logreg_learned_neighborhood,0.0,0.6900129701686122,0.5222106724071977,0.09355145437491441,0.12440613071136121,0.823209597121665,1.2999659269847401,1.2999659269847401,True,0.0,True
seqFISH+ cortex/SVZ,2,nested_gated_logreg_learned_neighborhood,0.05,0.6277561608300908,0.48749686557828675,0.09888639758163527,0.15788212018335906,0.8092457402755533,1.1969131282963685,1.2999659269847401,False,0.0,True
seqFISH+ cortex/SVZ,2,nested_gated_logreg_learned_neighborhood,0.1,0.6251621271076524,0.4851713931082429,0.0987996896882985,0.15943581474126176,0.8071842169814574,1.1904106374370529,1.2999659269847401,False,0.0,True
seqFISH+ cortex/SVZ,2,nested_gated_logreg_learned_neighborhood,0.2,0.6238651102464332,0.48576326878234827,0.09964928147239017,0.16590075210535693,0.7918807604265324,1.1680602731927419,1.2999659269847401,False,0.0,True
seqFISH+ cortex/SVZ,2,nested_gated_logreg_learned_neighborhood,0.35,0.6264591439688716,0.4898153132476107,0.09907834658569319,0.1619304950548367,0.7904633810032411,1.1758846386025397,1.2999659269847401,False,0.0,True
seqFISH+ cortex/SVZ,2,nested_gated_logreg_learned_neighborhood,0.5,0.6160830090791181,0.47002004231100913,0.1009643142855045,0.17370677906621365,0.7655401313929471,1.1149098326220175,1.2999659269847401,False,0.0,True
seqFISH+ cortex/SVZ,2,nested_gated_logreg_context_specific,0.0,0.6900129701686122,0.5222106724071977,0.09355145437491441,0.12440613071136121,0.823209597121665,1.2999659269847401,1.2999659269847401,True,0.0,True
seqFISH+ cortex/SVZ,2,nested_gated_logreg_context_specific,0.05,0.6264591439688716,0.48863892386034063,0.09766705921882012,0.1549557254387527,0.8168941008242875,1.2095250260192731,1.2999659269847401,False,0.0,True
seqFISH+ cortex/SVZ,2,nested_gated_logreg_context_specific,0.1,0.6277561608300908,0.48668313727389645,0.09768344253875176,0.15696286845224935,0.8119545290594832,1.2009303955499013,1.2999659269847401,False,0.0,True
seqFISH+ cortex/SVZ,2,nested_gated_logreg_context_specific,0.2,0.6212710765239948,0.4824756775537409,0.09897787787549091,0.1649086062479117,0.7965950164455531,1.17050197900689,1.2999659269847401,False,0.0,True
seqFISH+ cortex/SVZ,2,nested_gated_logreg_context_specific,0.35,0.6160830090791181,0.47839803126026437,0.10146687054491108,0.17272759687622236,0.7781837177384527,1.136408033847363,1.2999659269847401,False,0.0,True
seqFISH+ cortex/SVZ,2,nested_gated_logreg_context_specific,0.5,0.6070038910505836,0.46582730450808096,0.10271691243075953,0.18129796387264163,0.7621136241706263,1.095677025137952,1.2999659269847401,False,0.0,True
seqFISH+ cortex/SVZ,3,nested_logreg_learned_neighborhood,0.0,0.6653439153439153,0.5437265065143658,0.10023146810493266,0.1472797083592026,0.7965186245798495,1.259069933466059,1.259069933466059,True,0.0,True
seqFISH+ cortex/SVZ,3,nested_logreg_learned_neighborhood,0.05,0.3862433862433862,0.3609303970491773,0.17296246581582192,0.36321849856291083,0.6244091507254309,0.5457194299567221,1.259069933466059,False,0.0,True
seqFISH+ cortex/SVZ,3,nested_logreg_learned_neighborhood,0.1,0.3888888888888889,0.36453727083718646,0.17378078975602043,0.3734313085825034,0.6096645599743609,0.5242119546952457,1.259069933466059,False,0.0,True
seqFISH+ cortex/SVZ,3,nested_logreg_learned_neighborhood,0.2,0.37962962962962965,0.35969916953859066,0.17955098901363875,0.3983394254735059,0.5767047013840291,0.4534208638428824,1.259069933466059,False,0.0,True
seqFISH+ cortex/SVZ,3,nested_logreg_learned_neighborhood,0.35,0.36243386243386244,0.3492769769097869,0.19234532737737672,0.43073498730056764,0.5312361058043338,0.3480412336446419,1.259069933466059,False,0.0,True
seqFISH+ cortex/SVZ,3,nested_logreg_learned_neighborhood,0.5,0.328042328042328,0.32207991694406696,0.20580508379184945,0.47558593287568773,0.4688295800908841,0.19152906237799586,1.259069933466059,False,0.0,True
seqFISH+ cortex/SVZ,3,nested_logreg_context_specific,0.0,0.6653439153439153,0.5437265065143658,0.10023146810493266,0.1472797083592026,0.7965186245798495,1.259069933466059,1.259069933466059,True,0.0,True
seqFISH+ cortex/SVZ,3,nested_logreg_context_specific,0.05,0.39285714285714285,0.36675050450963215,0.16994896489940903,0.35751291006694796,0.6331744948133012,0.570677410070862,1.259069933466059,False,0.0,True
seqFISH+ cortex/SVZ,3,nested_logreg_context_specific,0.1,0.38756613756613756,0.35997046505515606,0.17033542827835718,0.3626210301879722,0.6202777821189769,0.544183323099338,1.259069933466059,False,0.0,True
seqFISH+ cortex/SVZ,3,nested_logreg_context_specific,0.2,0.38095238095238093,0.35171737467032144,0.17437093413559615,0.38074028372684054,0.5964127970544463,0.4882570491004262,1.259069933466059,False,0.0,True
seqFISH+ cortex/SVZ,3,nested_logreg_context_specific,0.35,0.335978835978836,0.3180989249211351,0.1960030704946539,0.45629165973884267,0.5036995135510469,0.25349841723339445,1.259069933466059,False,0.0,True
seqFISH+ cortex/SVZ,3,nested_logreg_context_specific,0.5,0.291005291005291,0.2787832156440077,0.20936024490315616,0.5100196899184868,0.4449509319147242,0.07710553548841166,1.259069933466059,False,0.0,True
seqFISH+ cortex/SVZ,3,nested_gated_logreg_learned_neighborhood,0.0,0.6653439153439153,0.5437265065143658,0.10023146810493266,0.1472797083592026,0.7965186245798495,1.259069933466059,1.259069933466059,True,0.0,True
seqFISH+ cortex/SVZ,3,nested_gated_logreg_learned_neighborhood,0.05,0.5978835978835979,0.4840847075715969,0.10733549765965429,0.18620609227964438,0.7740535286309299,1.1140675457341276,1.259069933466059,False,0.0,True
seqFISH+ cortex/SVZ,3,nested_gated_logreg_learned_neighborhood,0.1,0.5992063492063492,0.48643782571364136,0.10795248559594914,0.18801910976699557,0.7716312784739845,1.1118990961262687,1.259069933466059,False,0.0,True
seqFISH+ cortex/SVZ,3,nested_gated_logreg_learned_neighborhood,0.2,0.6005291005291006,0.4918824778766107,0.10770536434517561,0.18506954734257638,0.773557428962801,1.122797270283935,1.259069933466059,False,0.0,True
seqFISH+ cortex/SVZ,3,nested_gated_logreg_learned_neighborhood,0.35,0.5965608465608465,0.47903236458199033,0.10955017709514143,0.19145714348836276,0.7580800094969024,1.0852452651356002,1.259069933466059,False,0.0,True
seqFISH+ cortex/SVZ,3,nested_gated_logreg_learned_neighborhood,0.5,0.5859788359788359,0.4641005990988207,0.11192357108519214,0.20279116347186768,0.7371398937795787,1.0330204673160484,1.259069933466059,False,0.0,True
seqFISH+ cortex/SVZ,3,nested_gated_logreg_context_specific,0.0,0.6653439153439153,0.5437265065143658,0.10023146810493266,0.1472797083592026,0.7965186245798495,1.259069933466059,1.259069933466059,True,0.0,True
seqFISH+ cortex/SVZ,3,nested_gated_logreg_context_specific,0.05,0.6005291005291006,0.49147611883223874,0.10726213949958545,0.18574168163070115,0.776889084261471,1.1254936570956982,1.259069933466059,False,0.0,True
seqFISH+ cortex/SVZ,3,nested_gated_logreg_context_specific,0.1,0.5965608465608465,0.4843170075870612,0.10746348524318039,0.18557970254947892,0.7739968836195018,1.1144109150541153,1.259069933466059,False,0.0,True
seqFISH+ cortex/SVZ,3,nested_gated_logreg_context_specific,0.2,0.5965608465608465,0.48256942322009216,0.10808376348076255,0.1882808509246974,0.7678279169588055,1.1031729374136494,1.259069933466059,False,0.0,True
seqFISH+ cortex/SVZ,3,nested_gated_logreg_context_specific,0.35,0.5886243386243386,0.4670479959813402,0.11005168079127672,0.19872864285990216,0.7488967877763623,1.054320544762608,1.259069933466059,False,0.0,True
seqFISH+ cortex/SVZ,3,nested_gated_logreg_context_specific,0.5,0.5793650793650794,0.44590722759252477,0.11190102596420189,0.20704561768771707,0.7345880027244096,1.0063898565062852,1.259069933466059,False,0.0,True
seqFISH+ cortex/SVZ,4,nested_logreg_learned_neighborhood,0.0,0.6657894736842105,0.5302803767898575,0.09769809714571914,0.1462593834512567,0.7924991470368371,1.2452694116507714,1.2452694116507714,True,0.0,True
seqFISH+ cortex/SVZ,4,nested_logreg_learned_neighborhood,0.05,0.3986842105263158,0.36777314967282704,0.1734293617773483,0.37027160759875766,0.6035771327312789,0.527320365659579,1.2452694116507714,False,0.0,True
seqFISH+ cortex/SVZ,4,nested_logreg_learned_neighborhood,0.1,0.4039473684210526,0.37029934582514273,0.17516757687693313,0.3721942589479851,0.6070740207194009,0.5309983728248886,1.2452694116507714,False,0.0,True
seqFISH+ cortex/SVZ,4,nested_logreg_learned_neighborhood,0.2,0.38552631578947366,0.3597725713990553,0.1831366671812222,0.39920403021074186,0.572761653001341,0.4465751059558006,1.2452694116507714,False,0.0,True
seqFISH+ cortex/SVZ,4,nested_logreg_learned_neighborhood,0.35,0.36578947368421055,0.34082483495212995,0.1864922374811206,0.4192472115568094,0.5514414144959258,0.3779741688311784,1.2452694116507714,False,0.0,True
seqFISH+ cortex/SVZ,4,nested_logreg_learned_neighborhood,0.5,0.3355263157894737,0.3090331504492038,0.2000531551292461,0.4723267324236918,0.4656012925772658,0.18613613442090005,1.2452694116507714,False,0.0,True
seqFISH+ cortex/SVZ,4,nested_logreg_context_specific,0.0,0.6657894736842105,0.5302803767898575,0.09769809714571914,0.1462593834512567,0.7924991470368371,1.2452694116507714,1.2452694116507714,True,0.0,True
seqFISH+ cortex/SVZ,4,nested_logreg_context_specific,0.05,0.4039473684210526,0.371304593255106,0.17039536640361136,0.3519997205552762,0.6111376648174931,0.5610340132189748,1.2452694116507714,False,0.0,True
seqFISH+ cortex/SVZ,4,nested_logreg_context_specific,0.1,0.40657894736842104,0.36838282843031733,0.17097971312847843,0.354936009210621,0.6126521056888907,0.5567639486222139,1.2452694116507714,False,0.0,True
seqFISH+ cortex/SVZ,4,nested_logreg_context_specific,0.2,0.39342105263157895,0.3640030183354501,0.1753118599955975,0.37534100834625667,0.600348447482036,0.5120538606335266,1.2452694116507714,False,0.0,True
seqFISH+ cortex/SVZ,4,nested_logreg_context_specific,0.35,0.37236842105263157,0.3520491290625073,0.18604271458972108,0.4098215537866459,0.5476950735408104,0.3969720394901085,1.2452694116507714,False,0.0,True
seqFISH+ cortex/SVZ,4,nested_logreg_context_specific,0.5,0.3078947368421053,0.3050730208920435,0.2077008435158825,0.4999424925270127,0.45120091672321117,0.12560428578288585,1.2452694116507714,False,0.0,True
seqFISH+ cortex/SVZ,4,nested_gated_logreg_learned_neighborhood,0.0,0.6657894736842105,0.5302803767898575,0.09769809714571914,0.1462593834512567,0.7924991470368371,1.2452694116507714,1.2452694116507714,True,0.0,True
seqFISH+ cortex/SVZ,4,nested_gated_logreg_learned_neighborhood,0.05,0.6144736842105263,0.4870625543755543,0.10474851422407959,0.17595096358220244,0.778211729941035,1.138193227562939,1.2452694116507714,False,0.0,True
seqFISH+ cortex/SVZ,4,nested_gated_logreg_learned_neighborhood,0.1,0.6157894736842106,0.4858981475757604,0.10505936035195546,0.17640623268303252,0.7759797214367518,1.1343596443985768,1.2452694116507714,False,0.0,True
seqFISH+ cortex/SVZ,4,nested_gated_logreg_learned_neighborhood,0.2,0.6144736842105263,0.487394738413664,0.10378155694431204,0.17377666875140857,0.7785132146171124,1.1419681483876873,1.2452694116507714,False,0.0,True
seqFISH+ cortex/SVZ,4,nested_gated_logreg_learned_neighborhood,0.35,0.6052631578947368,0.4793469144733136,0.1047939734598632,0.1803243840302633,0.7606913299818925,1.1062356764387637,1.2452694116507714,False,0.0,True
seqFISH+ cortex/SVZ,4,nested_gated_logreg_learned_neighborhood,0.5,0.5986842105263158,0.47270024552002193,0.10625887500926297,0.1846312621772018,0.7500313085680567,1.0815124695331926,1.2452694116507714,False,0.0,True
seqFISH+ cortex/SVZ,4,nested_gated_logreg_context_specific,0.0,0.6657894736842105,0.5302803767898575,0.09769809714571914,0.1462593834512567,0.7924991470368371,1.2452694116507714,1.2452694116507714,True,0.0,True
seqFISH+ cortex/SVZ,4,nested_gated_logreg_context_specific,0.05,0.6118421052631579,0.48397796844187463,0.10499624355497364,0.17443621370675808,0.7798374141238164,1.1373434516197487,1.2452694116507714,False,0.0,True
seqFISH+ cortex/SVZ,4,nested_gated_logreg_context_specific,0.1,0.6105263157894737,0.48288713389916804,0.10528168469973707,0.17472091389943673,0.7768307106080958,1.1323468248554585,1.2452694116507714,False,0.0,True
seqFISH+ cortex/SVZ,4,nested_gated_logreg_context_specific,0.2,0.6092105263157894,0.48031164321035236,0.10469019357643956,0.17604206789066065,0.7746146312270193,1.1264966445492188,1.2452694116507714,False,0.0,True
seqFISH+ cortex/SVZ,4,nested_gated_logreg_context_specific,0.35,0.6078947368421053,0.478989497322066,0.106193828046437,0.18167580896449187,0.7605224267457437,1.1036159712674072,1.2452694116507714,False,0.0,True
seqFISH+ cortex/SVZ,4,nested_gated_logreg_context_specific,0.5,0.593421052631579,0.4617993206075329,0.10799954618582563,0.19108040295254108,0.7488137464822088,1.0598883811092699,1.2452694116507714,False,0.0,True
seqFISH+ cortex/SVZ,5,nested_logreg_learned_neighborhood,0.0,0.7523809523809524,0.47424579262676336,0.14603409267280124,0.17821317571400416,0.7671054971489909,1.105199259484187,1.105199259484187,True,0.0,True
seqFISH+ cortex/SVZ,5,nested_logreg_learned_neighborhood,0.05,0.46190476190476193,0.34659422441806903,0.18251749106625853,0.38262588105883916,0.6013337716559826,0.49826081442514436,1.105199259484187,False,0.0,True
seqFISH+ cortex/SVZ,5,nested_logreg_learned_neighborhood,0.1,0.46825396825396826,0.34769691133525465,0.1813058638478058,0.3793932751328725,0.6055938268416653,0.5096550912597337,1.105199259484187,False,0.0,True
seqFISH+ cortex/SVZ,5,nested_logreg_learned_neighborhood,0.2,0.45555555555555555,0.33991245166505113,0.18639984435986362,0.39658338077338756,0.5724244878258579,0.44324260324654663,1.105199259484187,False,0.0,True
seqFISH+ cortex/SVZ,5,nested_logreg_learned_neighborhood,0.35,0.3952380952380952,0.32160708498472557,0.20478725796519762,0.46095580548341575,0.48766201921857305,0.24233556456420913,1.105199259484187,False,0.0,True
seqFISH+ cortex/SVZ,5,nested_logreg_learned_neighborhood,0.5,0.3492063492063492,0.28560956695589795,0.2224764309413051,0.5242181563861066,0.42225623440175575,0.04847280133182938,1.105199259484187,False,0.0,True
seqFISH+ cortex/SVZ,5,nested_logreg_context_specific,0.0,0.7523809523809524,0.47424579262676336,0.14603409267280124,0.17821317571400416,0.7671054971489909,1.105199259484187,1.105199259484187,True,0.0,True
seqFISH+ cortex/SVZ,5,nested_logreg_context_specific,0.05,0.4666666666666667,0.35034333923722905,0.18211370955861414,0.3798949440184463,0.6060350992928754,0.5110364516197106,1.105199259484187,False,0.0,True
seqFISH+ cortex/SVZ,5,nested_logreg_context_specific,0.1,0.46825396825396826,0.34806661376926623,0.18273638303193018,0.38015488994833935,0.605177182752399,0.5074160156048877,1.105199259484187,False,0.0,True
seqFISH+ cortex/SVZ,5,nested_logreg_context_specific,0.2,0.46190476190476193,0.3454327087376997,0.18227428606384588,0.3784930368278175,0.609435403959435,0.5095769802816618,1.105199259484187,False,0.0,True
seqFISH+ cortex/SVZ,5,nested_logreg_context_specific,0.35,0.3984126984126984,0.3171503527354291,0.19763991959680266,0.44286287076105363,0.5296130301746917,0.3058637671554392,1.105199259484187,False,0.0,True
seqFISH+ cortex/SVZ,5,nested_logreg_context_specific,0.5,0.3333333333333333,0.2792905964301329,0.2155209735251136,0.5193936291703198,0.4575039382148961,0.0852132652829289,1.105199259484187,False,0.0,True
seqFISH+ cortex/SVZ,5,nested_gated_logreg_learned_neighborhood,0.0,0.7523809523809524,0.47424579262676336,0.14603409267280124,0.17821317571400416,0.7671054971489909,1.105199259484187,1.105199259484187,True,0.0,True
seqFISH+ cortex/SVZ,5,nested_gated_logreg_learned_neighborhood,0.05,0.6698412698412698,0.42364052798334106,0.14967481646954656,0.2157603164867479,0.7469005671486738,0.9725662796360378,1.105199259484187,False,0.0,True
seqFISH+ cortex/SVZ,5,nested_gated_logreg_learned_neighborhood,0.1,0.6682539682539682,0.4187897412163574,0.15008102232113235,0.2204937104433218,0.7406113961820623,0.9558898966974575,1.105199259484187,False,0.0,True
seqFISH+ cortex/SVZ,5,nested_gated_logreg_learned_neighborhood,0.2,0.6682539682539682,0.4222813567322659,0.15170220427179096,0.22385941940215068,0.7341374347205529,0.9479206598423691,1.105199259484187,False,0.0,True
seqFISH+ cortex/SVZ,5,nested_gated_logreg_learned_neighborhood,0.35,0.665079365079365,0.4246922013280993,0.15193286443825643,0.2239597723283403,0.7291974520341711,0.9442668578655149,1.105199259484187,False,0.0,True
seqFISH+ cortex/SVZ,5,nested_gated_logreg_learned_neighborhood,0.5,0.6603174603174603,0.4274734813376371,0.1507620001974356,0.2252762358453518,0.7277770381506685,0.9442916485248831,1.105199259484187,False,0.0,True
seqFISH+ cortex/SVZ,5,nested_gated_logreg_context_specific,0.0,0.7523809523809524,0.47424579262676336,0.14603409267280124,0.17821317571400416,0.7671054971489909,1.105199259484187,1.105199259484187,True,0.0,True
seqFISH+ cortex/SVZ,5,nested_gated_logreg_context_specific,0.05,0.6714285714285714,0.42744943050367873,0.14972244666231513,0.2170000760161664,0.7452803092981904,0.9738643599805307,1.105199259484187,False,0.0,True
seqFISH+ cortex/SVZ,5,nested_gated_logreg_context_specific,0.1,0.6730158730158731,0.4248490360517975,0.1499626477437258,0.21838485084599515,0.7420281406179344,0.9667836463339792,1.105199259484187,False,0.0,True
seqFISH+ cortex/SVZ,5,nested_gated_logreg_context_specific,0.2,0.6682539682539682,0.4186553052530346,0.15042660348033007,0.2199067016762225,0.7383916469047729,0.9537771390647469,1.105199259484187,False,0.0,True
seqFISH+ cortex/SVZ,5,nested_gated_logreg_context_specific,0.35,0.6619047619047619,0.4186129439368214,0.15042308397418241,0.22834345790042024,0.7268595170752855,0.9321821096136947,1.105199259484187,False,0.0,True
seqFISH+ cortex/SVZ,5,nested_gated_logreg_context_specific,0.5,0.6523809523809524,0.4012592255239763,0.15203491090280027,0.2365464968524025,0.7143527079375832,0.8901257638015948,1.105199259484187,False,0.0,True
seqFISH+ cortex/SVZ,6,nested_logreg_learned_neighborhood,0.0,0.6547144754316069,0.46382452721672673,0.09652605179869278,0.1485324227441133,0.7968378578113313,1.1792825293431537,1.1792825293431537,True,0.0,True
seqFISH+ cortex/SVZ,6,nested_logreg_learned_neighborhood,0.05,0.4262948207171315,0.3772962575305972,0.15334245176919659,0.3089565449570802,0.6694025231034745,0.6909734890870779,1.1792825293431537,False,0.0,True
seqFISH+ cortex/SVZ,6,nested_logreg_learned_neighborhood,0.1,0.42231075697211157,0.37047314820968347,0.15486803539332272,0.313166443795182,0.6666662085167371,0.6746825667809438,1.1792825293431537,False,0.0,True
seqFISH+ cortex/SVZ,6,nested_logreg_learned_neighborhood,0.2,0.42363877822045154,0.36971682376001874,0.15985990824315163,0.33420017507254385,0.6571555360982136,0.6387219710976497,1.1792825293431537,False,0.0,True
seqFISH+ cortex/SVZ,6,nested_logreg_learned_neighborhood,0.35,0.3851261620185923,0.34381321706868073,0.1697962004523484,0.37450175885845427,0.6197187209676908,0.5155155192302169,1.1792825293431537,False,0.0,True
seqFISH+ cortex/SVZ,6,nested_logreg_learned_neighborhood,0.5,0.34926958831341304,0.2983115371799362,0.17872805919844156,0.39530070873825346,0.5756371849106376,0.387237351232232,1.1792825293431537,False,0.0,True
seqFISH+ cortex/SVZ,6,nested_logreg_context_specific,0.0,0.6547144754316069,0.46382452721672673,0.09652605179869278,0.1485324227441133,0.7968378578113313,1.1792825293431537,1.1792825293431537,True,0.0,True
seqFISH+ cortex/SVZ,6,nested_logreg_context_specific,0.05,0.42231075697211157,0.37518493432118816,0.15117378534781073,0.3084376933918577,0.6715305574376456,0.692681702262193,1.1792825293431537,False,0.0,True
seqFISH+ cortex/SVZ,6,nested_logreg_context_specific,0.1,0.4196547144754316,0.3737567525485554,0.15347310267477685,0.3142572218432296,0.660761443993349,0.6717015506427558,1.1792825293431537,False,0.0,True
seqFISH+ cortex/SVZ,6,nested_logreg_context_specific,0.2,0.40903054448871184,0.3717230944589596,0.15525103154254352,0.32140996419246537,0.6533740096955668,0.6506937445416956,1.1792825293431537,False,0.0,True
seqFISH+ cortex/SVZ,6,nested_logreg_context_specific,0.35,0.3612217795484728,0.33940848893571157,0.1686812114773965,0.3722887570530401,0.5957708453830317,0.4845148106754249,1.1792825293431537,False,0.0,True
seqFISH+ cortex/SVZ,6,nested_logreg_context_specific,0.5,0.3187250996015936,0.3071606209374821,0.18383566621027464,0.42943547940431137,0.5281848467261302,0.3017555969494246,1.1792825293431537,False,0.0,True
seqFISH+ cortex/SVZ,6,nested_gated_logreg_learned_neighborhood,0.0,0.6547144754316069,0.46382452721672673,0.09652605179869278,0.1485324227441133,0.7968378578113313,1.1792825293431537,1.1792825293431537,True,0.0,True
seqFISH+ cortex/SVZ,6,nested_gated_logreg_learned_neighborhood,0.05,0.598937583001328,0.43580568595854474,0.1027307463324406,0.17503188760890578,0.7929931790258058,1.1007706267933364,1.1792825293431537,False,0.0,True
seqFISH+ cortex/SVZ,6,nested_gated_logreg_learned_neighborhood,0.1,0.5949535192563081,0.42825020838634226,0.10307014426595625,0.17634950978680003,0.79229481841229,1.089863752559953,1.1792825293431537,False,0.0,True
seqFISH+ cortex/SVZ,6,nested_gated_logreg_learned_neighborhood,0.2,0.598937583001328,0.43098491101973724,0.10186020528625225,0.17363926318391648,0.7927113380768371,1.0979311763767376,1.1792825293431537,False,0.0,True
seqFISH+ cortex/SVZ,6,nested_gated_logreg_learned_neighborhood,0.35,0.5883134130146083,0.4135945030298979,0.10249057209634686,0.17552453004080948,0.7889813041370328,1.0716390582834265,1.1792825293431537,False,0.0,True
seqFISH+ cortex/SVZ,6,nested_gated_logreg_learned_neighborhood,0.5,0.5763612217795485,0.3938987912177726,0.10570600505401714,0.18148894715379493,0.7726780053574057,1.0234721498122534,1.1792825293431537,False,0.0,True
seqFISH+ cortex/SVZ,6,nested_gated_logreg_context_specific,0.0,0.6547144754316069,0.46382452721672673,0.09652605179869278,0.1485324227441133,0.7968378578113313,1.1792825293431537,1.1792825293431537,True,0.0,True
seqFISH+ cortex/SVZ,6,nested_gated_logreg_context_specific,0.05,0.601593625498008,0.43885753607190986,0.10208530159792374,0.1748431177852762,0.7933507112598167,1.1056782343230287,1.1792825293431537,False,0.0,True
seqFISH+ cortex/SVZ,6,nested_gated_logreg_context_specific,0.1,0.598937583001328,0.43894855882058964,0.10214749429032582,0.17435105098026377,0.7914200572930102,1.1036044665933424,1.1792825293431537,False,0.0,True
seqFISH+ cortex/SVZ,6,nested_gated_logreg_context_specific,0.2,0.598937583001328,0.44188524336510215,0.10214209555546594,0.17329457501343093,0.7915267723011459,1.1077097408476833,1.1792825293431537,False,0.0,True
seqFISH+ cortex/SVZ,6,nested_gated_logreg_context_specific,0.35,0.5856573705179283,0.42161044973763656,0.10370138484484276,0.18260019028967897,0.7768478146677075,1.0585710319003045,1.1792825293431537,False,0.0,True
seqFISH+ cortex/SVZ,6,nested_gated_logreg_context_specific,0.5,0.5790172642762285,0.4110345795689607,0.10646281814908569,0.18894108473515772,0.7599613693035963,1.0203463620573707,1.1792825293431537,False,0.0,True
seqFISH+ olfactory bulb,0,nested_logreg_learned_neighborhood,0.0,0.6718576195773082,0.6489943961794971,0.10383258573131701,0.06925284642000802,0.9484363944802359,1.592309763402735,1.592309763402735,True,0.0,True
seqFISH+ olfactory bulb,0,nested_logreg_learned_neighborhood,0.05,0.3921023359288098,0.3281523553799781,0.19050559232026182,0.31168105942651386,0.7842039308183819,0.7081952184337867,1.592309763402735,False,0.0,True
seqFISH+ olfactory bulb,0,nested_logreg_learned_neighborhood,0.1,0.3932146829810901,0.3274238578902273,0.19114439675132985,0.30915716924796766,0.7941719121361462,0.7195978747723484,1.592309763402735,False,0.0,True
seqFISH+ olfactory bulb,0,nested_logreg_learned_neighborhood,0.2,0.37986651835372637,0.3192611173487082,0.197805806762044,0.324561220617976,0.7783999835991248,0.6702607031562445,1.592309763402735,False,0.0,True
seqFISH+ olfactory bulb,0,nested_logreg_learned_neighborhood,0.35,0.35873192436040047,0.3055770253953015,0.20784739552963283,0.35088171542574415,0.7457610750216817,0.5822919705517062,1.592309763402735,False,0.0,True
seqFISH+ olfactory bulb,0,nested_logreg_learned_neighborhood,0.5,0.3409343715239155,0.2942246741796283,0.2167295877263076,0.3699772288941952,0.7334663441772395,0.5262177946173441,1.592309763402735,False,0.0,True
seqFISH+ olfactory bulb,0,nested_logreg_context_specific,0.0,0.6718576195773082,0.6489943961794971,0.10383258573131701,0.06925284642000802,0.9484363944802359,1.592309763402735,1.592309763402735,True,0.0,True
seqFISH+ olfactory bulb,0,nested_logreg_context_specific,0.05,0.3932146829810901,0.3276019513151068,0.19008745804644708,0.31070667697084764,0.7806636509667082,0.7057751380097927,1.592309763402735,False,0.0,True
seqFISH+ olfactory bulb,0,nested_logreg_context_specific,0.1,0.39377085650723026,0.32592925786911064,0.1886352591495509,0.3055506080676874,0.7909242611273669,0.7211103659060469,1.592309763402735,False,0.0,True
seqFISH+ olfactory bulb,0,nested_logreg_context_specific,0.2,0.382091212458287,0.3172877525333725,0.19215468758399495,0.3116466827102088,0.772780828774671,0.6817900141284114,1.592309763402735,False,0.0,True
seqFISH+ olfactory bulb,0,nested_logreg_context_specific,0.35,0.35372636262513907,0.30054521069492596,0.20493245302078292,0.34854358431405774,0.7050391461161591,0.5405399101325293,1.592309763402735,False,0.0,True
seqFISH+ olfactory bulb,0,nested_logreg_context_specific,0.5,0.3081201334816463,0.266229447019604,0.2237522003496198,0.40143651980961265,0.6248722571854252,0.3429430174162083,1.592309763402735,False,0.0,True
seqFISH+ olfactory bulb,0,nested_gated_logreg_learned_neighborhood,0.0,0.6718576195773082,0.6489943961794971,0.10383258573131701,0.06925284642000802,0.9484363944802359,1.592309763402735,1.592309763402735,True,0.0,True
seqFISH+ olfactory bulb,0,nested_gated_logreg_learned_neighborhood,0.05,0.5756395995550612,0.45197913005495316,0.12989160277154935,0.14299769819291647,0.8988971362826311,1.221896865261884,1.592309763402735,False,0.0,True
seqFISH+ olfactory bulb,0,nested_gated_logreg_learned_neighborhood,0.1,0.5767519466073415,0.45211831907166133,0.1298147518926386,0.14191109886654946,0.8994511608675114,1.22403161583182,1.592309763402735,False,0.0,True
seqFISH+ olfactory bulb,0,nested_gated_logreg_learned_neighborhood,0.2,0.5773081201334817,0.45064351969058225,0.13003745864848631,0.14264070475862217,0.8955811218844534,1.2178735082012975,1.592309763402735,False,0.0,True
seqFISH+ olfactory bulb,0,nested_gated_logreg_learned_neighborhood,0.35,0.578420467185762,0.45429758909047235,0.13090881273104452,0.14131422187902007,0.898720511969969,1.2254001832468173,1.592309763402735,False,0.0,True
seqFISH+ olfactory bulb,0,nested_gated_logreg_learned_neighborhood,0.5,0.5834260289210234,0.46395359789862595,0.12999645644552663,0.13491618957662257,0.9045774510182483,1.2494749101249807,1.592309763402735,False,0.0,True
seqFISH+ olfactory bulb,0,nested_gated_logreg_context_specific,0.0,0.6718576195773082,0.6489943961794971,0.10383258573131701,0.06925284642000802,0.9484363944802359,1.592309763402735,1.592309763402735,True,0.0,True
seqFISH+ olfactory bulb,0,nested_gated_logreg_context_specific,0.05,0.5739710789766407,0.44793659221435,0.12917742649271305,0.14305706516110178,0.9001506566061145,1.2193455269108098,1.592309763402735,False,0.0,True
seqFISH+ olfactory bulb,0,nested_gated_logreg_context_specific,0.1,0.5739710789766407,0.4492354371055587,0.1284861680202358,0.14077288123804593,0.8997443727172217,1.2232135303086586,1.592309763402735,False,0.0,True
seqFISH+ olfactory bulb,0,nested_gated_logreg_context_specific,0.2,0.5756395995550612,0.4494157875986382,0.12750804752907954,0.13798486012444855,0.9000413545870499,1.2278741344209256,1.592309763402735,False,0.0,True
seqFISH+ olfactory bulb,0,nested_gated_logreg_context_specific,0.35,0.5773081201334817,0.45397388041708125,0.12692997235535386,0.13996017719014228,0.9003950163042503,1.231805777209206,1.592309763402735,False,0.0,True
seqFISH+ olfactory bulb,0,nested_gated_logreg_context_specific,0.5,0.5806451612903226,0.456229182913486,0.12684580921680513,0.13901352069422468,0.8938936090727962,1.229424752397833,1.592309763402735,False,0.0,True
seqFISH+ olfactory bulb,1,nested_logreg_learned_neighborhood,0.0,0.6870546318289786,0.7543822905560535,0.07900503151198594,0.05209932884722361,0.9439652944907269,1.7390068826448155,1.7390068826448155,True,0.0,True
seqFISH+ olfactory bulb,1,nested_logreg_learned_neighborhood,0.05,0.4328978622327791,0.4305336333995865,0.1661902427382946,0.2561077536595648,0.8234524463359029,0.9399125488958247,1.7390068826448155,False,0.0,True
seqFISH+ olfactory bulb,1,nested_logreg_learned_neighborhood,0.1,0.4352731591448931,0.43182467649614653,0.16532820037916512,0.25683752263596393,0.8256601612146861,0.9441374044819267,1.7390068826448155,False,0.0,True
seqFISH+ olfactory bulb,1,nested_logreg_learned_neighborhood,0.2,0.4334916864608076,0.42991405666410204,0.16772484908382232,0.2595484713973721,0.8190428289643167,0.9300564867624261,1.7390068826448155,False,0.0,True
seqFISH+ olfactory bulb,1,nested_logreg_learned_neighborhood,0.35,0.4251781472684085,0.42164592735406614,0.17112319675387333,0.263498709867273,0.8118529167164548,0.9051714742664768,1.7390068826448155,False,0.0,True
seqFISH+ olfactory bulb,1,nested_logreg_learned_neighborhood,0.5,0.4026128266033254,0.4012478643775289,0.18084966322202273,0.2797829762115339,0.7919206473202618,0.8331890789150656,1.7390068826448155,False,0.0,True
seqFISH+ olfactory bulb,1,nested_logreg_context_specific,0.0,0.6870546318289786,0.7543822905560535,0.07900503151198594,0.05209932884722361,0.9439652944907269,1.7390068826448155,1.7390068826448155,True,0.0,True
seqFISH+ olfactory bulb,1,nested_logreg_context_specific,0.05,0.4340855106888361,0.42941782461124,0.1641583266907123,0.2495068026903583,0.8231970206479957,0.9474710935503743,1.7390068826448155,False,0.0,True
seqFISH+ olfactory bulb,1,nested_logreg_context_specific,0.1,0.4340855106888361,0.4283467240820291,0.16487087355234173,0.25339150144321343,0.8174178365224674,0.9360235632811504,1.7390068826448155,False,0.0,True
seqFISH+ olfactory bulb,1,nested_logreg_context_specific,0.2,0.4328978622327791,0.4266085610018022,0.16804043471487906,0.25494546506687826,0.8168177914301217,0.9286649182083613,1.7390068826448155,False,0.0,True
seqFISH+ olfactory bulb,1,nested_logreg_context_specific,0.35,0.40498812351543945,0.3972574259600752,0.17959732487673882,0.28038215213801626,0.7681083240990094,0.8066333039231893,1.7390068826448155,False,0.0,True
seqFISH+ olfactory bulb,1,nested_logreg_context_specific,0.5,0.3580760095011877,0.3532532376760461,0.19680061121784184,0.3193305321979261,0.7142645065845422,0.6409056032201172,1.7390068826448155,False,0.0,True
seqFISH+ olfactory bulb,1,nested_gated_logreg_learned_neighborhood,0.0,0.6870546318289786,0.7543822905560535,0.07900503151198594,0.05209932884722361,0.9439652944907269,1.7390068826448155,1.7390068826448155,True,0.0,True
seqFISH+ olfactory bulb,1,nested_gated_logreg_learned_neighborhood,0.05,0.5973871733966746,0.5777476728321195,0.10339000151707814,0.11230889438163606,0.9048005538434168,1.4161961241259906,1.7390068826448155,False,0.0,True
seqFISH+ olfactory bulb,1,nested_gated_logreg_learned_neighborhood,0.1,0.5973871733966746,0.5762198930553597,0.10297723850565492,0.11213750264337091,0.905133154762126,1.4155851000176285,1.7390068826448155,False,0.0,True
seqFISH+ olfactory bulb,1,nested_gated_logreg_learned_neighborhood,0.2,0.5956057007125891,0.5709438445400421,0.10279122191050466,0.10968733090846158,0.9106867873527577,1.4180535042519808,1.7390068826448155,False,0.0,True
seqFISH+ olfactory bulb,1,nested_gated_logreg_learned_neighborhood,0.35,0.6015439429928741,0.5791128997286082,0.10133034755892713,0.10602137938627604,0.9113390148509355,1.4334861733825592,1.7390068826448155,False,0.0,True
seqFISH+ olfactory bulb,1,nested_gated_logreg_learned_neighborhood,0.5,0.6039192399049881,0.5845328119988129,0.10045181102441415,0.10015487317775472,0.9171164872189947,1.4520224249918858,1.7390068826448155,False,0.0,True
seqFISH+ olfactory bulb,1,nested_gated_logreg_context_specific,0.0,0.6870546318289786,0.7543822905560535,0.07900503151198594,0.05209932884722361,0.9439652944907269,1.7390068826448155,1.7390068826448155,True,0.0,True
seqFISH+ olfactory bulb,1,nested_gated_logreg_context_specific,0.05,0.5956057007125891,0.5760570745117319,0.10409835554405944,0.11300276853203466,0.9050648584833361,1.4129222340971213,1.7390068826448155,False,0.0,True
seqFISH+ olfactory bulb,1,nested_gated_logreg_context_specific,0.1,0.5979809976247031,0.5766554457560933,0.10306621774505902,0.11248967844961469,0.9007007730521129,1.4112955720197082,1.7390068826448155,False,0.0,True
seqFISH+ olfactory bulb,1,nested_gated_logreg_context_specific,0.2,0.5997624703087886,0.5755572213096651,0.10259923149355914,0.11211459903415574,0.899517031733484,1.4103010400926315,1.7390068826448155,False,0.0,True
seqFISH+ olfactory bulb,1,nested_gated_logreg_context_specific,0.35,0.6015439429928741,0.5728234718888618,0.10278031602358866,0.11147580482812038,0.8952989531167461,1.4042522899021175,1.7390068826448155,False,0.0,True
seqFISH+ olfactory bulb,1,nested_gated_logreg_context_specific,0.5,0.6009501187648456,0.5638946707649584,0.10255026572947633,0.11378969626730001,0.8880959408152516,1.385888179274645,1.7390068826448155,False,0.0,True
seqFISH+ olfactory bulb,2,nested_logreg_learned_neighborhood,0.0,0.6682161533991865,0.7434380794605886,0.09415729898235113,0.0677923532857527,0.9360571006722804,1.6845995662145619,1.6845995662145619,True,0.0,True
seqFISH+ olfactory bulb,2,nested_logreg_learned_neighborhood,0.05,0.4276583381754794,0.43242548047189633,0.16402742385192517,0.24928027388873983,0.822107539916192,0.9481399071912932,1.6845995662145619,False,0.0,True
seqFISH+ olfactory bulb,2,nested_logreg_learned_neighborhood,0.1,0.4305636257989541,0.4322496761185186,0.1630656200735037,0.24820574126679804,0.8170420196008401,0.9456612408287955,1.6845995662145619,False,0.0,True
seqFISH+ olfactory bulb,2,nested_logreg_learned_neighborhood,0.2,0.41952353282975013,0.42400091551797453,0.17054114753132915,0.26267502302259926,0.8037737936968723,0.8994394218683558,1.6845995662145619,False,0.0,True
seqFISH+ olfactory bulb,2,nested_logreg_learned_neighborhood,0.35,0.40674026728646134,0.40843550745693247,0.17997265745265265,0.29044778417387884,0.7589966692527681,0.7986968019047843,1.6845995662145619,False,0.0,True
seqFISH+ olfactory bulb,2,nested_logreg_learned_neighborhood,0.5,0.3840790238233585,0.3860810945940405,0.18986101085876572,0.30303040908455875,0.7335062433081134,0.7227156739146691,1.6845995662145619,False,0.0,True
seqFISH+ olfactory bulb,2,nested_logreg_context_specific,0.0,0.6682161533991865,0.7434380794605886,0.09415729898235113,0.0677923532857527,0.9360571006722804,1.6845995662145619,1.6845995662145619,True,0.0,True
seqFISH+ olfactory bulb,2,nested_logreg_context_specific,0.05,0.431144683323649,0.4342458149847365,0.1618147315529354,0.24293126938964849,0.8365837727164298,0.9738697575894947,1.6845995662145619,False,0.0,True
seqFISH+ olfactory bulb,2,nested_logreg_context_specific,0.1,0.431144683323649,0.4318321106304031,0.16053940954433196,0.2432948209041049,0.8324303338513224,0.9682143848642007,1.6845995662145619,False,0.0,True
seqFISH+ olfactory bulb,2,nested_logreg_context_specific,0.2,0.42300987797791983,0.4241646621896716,0.16416345236135185,0.2543979333200076,0.802878148326736,0.9142338943295281,1.6845995662145619,False,0.0,True
seqFISH+ olfactory bulb,2,nested_logreg_context_specific,0.35,0.40557815223707144,0.4074444796533284,0.17316164161912614,0.2771659163594759,0.7572334079374349,0.8157448676714291,1.6845995662145619,False,0.0,True
seqFISH+ olfactory bulb,2,nested_logreg_context_specific,0.5,0.378849506101104,0.3779193432252512,0.1884945331583796,0.31158596496258745,0.6972267043856424,0.6697779260152026,1.6845995662145619,False,0.0,True
seqFISH+ olfactory bulb,2,nested_gated_logreg_learned_neighborhood,0.0,0.6682161533991865,0.7434380794605886,0.09415729898235113,0.0677923532857527,0.9360571006722804,1.6845995662145619,1.6845995662145619,True,0.0,True
seqFISH+ olfactory bulb,2,nested_gated_logreg_learned_neighborhood,0.05,0.5920976176641487,0.5772987661911779,0.10521648605413961,0.11772592722453601,0.9075032733181423,1.4098840306466818,1.6845995662145619,False,0.0,True
seqFISH+ olfactory bulb,2,nested_gated_logreg_learned_neighborhood,0.1,0.5920976176641487,0.5748344967806669,0.10517700160049218,0.11827252031767202,0.9063818096208237,1.4057911888993637,1.6845995662145619,False,0.0,True
seqFISH+ olfactory bulb,2,nested_gated_logreg_learned_neighborhood,0.2,0.5909355026147589,0.5735642811224464,0.1061198133186926,0.11671968627426532,0.9073050042906898,1.405763661473868,1.6845995662145619,False,0.0,True
seqFISH+ olfactory bulb,2,nested_gated_logreg_learned_neighborhood,0.35,0.5909355026147589,0.5743672494140367,0.11183337925715718,0.12667242804568002,0.8873164681272759,1.3709117858921651,1.6845995662145619,False,0.0,True
seqFISH+ olfactory bulb,2,nested_gated_logreg_learned_neighborhood,0.5,0.5938407902382336,0.5807562365594836,0.11309545562648535,0.11908317625104171,0.9000563378154289,1.3970941400569437,1.6845995662145619,False,0.0,True
seqFISH+ olfactory bulb,2,nested_gated_logreg_context_specific,0.0,0.6682161533991865,0.7434380794605886,0.09415729898235113,0.0677923532857527,0.9360571006722804,1.6845995662145619,1.6845995662145619,True,0.0,True
seqFISH+ olfactory bulb,2,nested_gated_logreg_context_specific,0.05,0.5915165601394538,0.5770198114146758,0.10473204513705055,0.117169055381161,0.9095064286195915,1.412504279550919,1.6845995662145619,False,0.0,True
seqFISH+ olfactory bulb,2,nested_gated_logreg_context_specific,0.1,0.5926786751888437,0.5789647253350461,0.10502268207485423,0.11683359918545337,0.9090047323797326,1.4142828452516818,1.6845995662145619,False,0.0,True
seqFISH+ olfactory bulb,2,nested_gated_logreg_context_specific,0.2,0.5950029052876235,0.5787556038268336,0.10527213782777663,0.11806683979213839,0.9011089656748605,1.405276318203685,1.6845995662145619,False,0.0,True
seqFISH+ olfactory bulb,2,nested_gated_logreg_context_specific,0.35,0.5961650203370134,0.5795854376754523,0.1062661432964361,0.11919963394843172,0.8943782467680998,1.3975391622829376,1.6845995662145619,False,0.0,True
seqFISH+ olfactory bulb,2,nested_gated_logreg_context_specific,0.5,0.5950029052876235,0.5745241215999607,0.10880382131791401,0.11866217155300694,0.8914687175033604,1.3872775725543058,1.6845995662145619,False,0.0,True
seqFISH+ olfactory bulb,3,nested_logreg_learned_neighborhood,0.0,0.7146212566059894,0.7891194174552698,0.05682839592966863,0.030394490206744576,0.962071194282731,1.842623039753085,1.842623039753085,True,0.0,True
seqFISH+ olfactory bulb,3,nested_logreg_learned_neighborhood,0.05,0.46506165590135057,0.4577129452420666,0.15312593400104982,0.22871150604646154,0.8278870961861676,1.0200280153560606,1.842623039753085,False,0.0,True
seqFISH+ olfactory bulb,3,nested_logreg_learned_neighborhood,0.1,0.45977686435701703,0.4546675952253927,0.15591863324214764,0.232832580329079,0.8274889673160976,1.008349565059518,1.842623039753085,False,0.0,True
seqFISH+ olfactory bulb,3,nested_logreg_learned_neighborhood,0.2,0.45038167938931295,0.4452904440129384,0.16384889657256843,0.2469743734338805,0.8080598600367908,0.9551224538906085,1.842623039753085,False,0.0,True
seqFISH+ olfactory bulb,3,nested_logreg_learned_neighborhood,0.35,0.4362889019377569,0.435202240124819,0.17199144973726513,0.2652115043560496,0.791917826277198,0.8989893377931413,1.842623039753085,False,0.0,True
seqFISH+ olfactory bulb,3,nested_logreg_learned_neighborhood,0.5,0.40634174985320026,0.41042241067078294,0.18014884263883454,0.28156766671629285,0.783389154672063,0.8336804934510188,1.842623039753085,False,0.0,True
seqFISH+ olfactory bulb,3,nested_logreg_context_specific,0.0,0.7146212566059894,0.7891194174552698,0.05682839592966863,0.030394490206744576,0.962071194282731,1.842623039753085,1.842623039753085,True,0.0,True
seqFISH+ olfactory bulb,3,nested_logreg_context_specific,0.05,0.46682325308279504,0.4571076504122452,0.15124033129521922,0.2255449315513442,0.8231967861488583,1.0202249869852387,1.842623039753085,False,0.0,True
seqFISH+ olfactory bulb,3,nested_logreg_context_specific,0.1,0.4674104521432766,0.4570892872752097,0.15348402944513825,0.22603835685591248,0.8202358792396481,1.014655393249626,1.842623039753085,False,0.0,True
seqFISH+ olfactory bulb,3,nested_logreg_context_specific,0.2,0.44920728126834997,0.4430232321024743,0.16135815075394389,0.24146413988225793,0.7973785344448505,0.9498812962282105,1.842623039753085,False,0.0,True
seqFISH+ olfactory bulb,3,nested_logreg_context_specific,0.35,0.4216089254257193,0.41435535646959365,0.1799035928249635,0.27808923886430936,0.7628869727873505,0.824651728924101,1.842623039753085,False,0.0,True
seqFISH+ olfactory bulb,3,nested_logreg_context_specific,0.5,0.3805049911920141,0.3732582211776433,0.19459521996388265,0.31407972395036915,0.7323529465536651,0.6920624716150603,1.842623039753085,False,0.0,True
seqFISH+ olfactory bulb,3,nested_gated_logreg_learned_neighborhood,0.0,0.7146212566059894,0.7891194174552698,0.05682839592966863,0.030394490206744576,0.962071194282731,1.842623039753085,1.842623039753085,True,0.0,True
seqFISH+ olfactory bulb,3,nested_gated_logreg_learned_neighborhood,0.05,0.6259541984732825,0.6070650676731107,0.0902197116377781,0.09333903335723152,0.9225850676536799,1.5025799399501016,1.842623039753085,False,0.0,True
seqFISH+ olfactory bulb,3,nested_gated_logreg_learned_neighborhood,0.1,0.6283029947152085,0.6108815458472363,0.09022940724685846,0.091393903182334,0.9233086717706659,1.5096426558675118,1.842623039753085,False,0.0,True
seqFISH+ olfactory bulb,3,nested_gated_logreg_learned_neighborhood,0.2,0.6247798003523194,0.6078628834378825,0.09162099156139779,0.0933168432676761,0.9205448240648261,1.4996648227617146,1.842623039753085,False,0.0,True
seqFISH+ olfactory bulb,3,nested_gated_logreg_learned_neighborhood,0.35,0.62889019377569,0.6105795808120849,0.0925294991854418,0.09182367505272895,0.922381325701797,1.5058302807196335,1.842623039753085,False,0.0,True
seqFISH+ olfactory bulb,3,nested_gated_logreg_learned_neighborhood,0.5,0.6283029947152085,0.6119579884932049,0.09196292364932604,0.08874244112306547,0.9183857225366473,1.5067140949362627,1.842623039753085,False,0.0,True
seqFISH+ olfactory bulb,3,nested_gated_logreg_context_specific,0.0,0.7146212566059894,0.7891194174552698,0.05682839592966863,0.030394490206744576,0.962071194282731,1.842623039753085,1.842623039753085,True,0.0,True
seqFISH+ olfactory bulb,3,nested_gated_logreg_context_specific,0.05,0.6259541984732825,0.6066997119411939,0.09003561310451115,0.09420665269431162,0.920700868834669,1.4996468645953605,1.842623039753085,False,0.0,True
seqFISH+ olfactory bulb,3,nested_gated_logreg_context_specific,0.1,0.6259541984732825,0.6039152610512843,0.09197252942084257,0.09812975252858801,0.9159806935845136,1.4862822223046879,1.842623039753085,False,0.0,True
seqFISH+ olfactory bulb,3,nested_gated_logreg_context_specific,0.2,0.624192601291838,0.6030444559211563,0.09180137951419974,0.0973367266390374,0.9108554296097116,1.48080992970059,1.842623039753085,False,0.0,True
seqFISH+ olfactory bulb,3,nested_gated_logreg_context_specific,0.35,0.624192601291838,0.6002658958697711,0.09254601474790816,0.09840446628669056,0.906891037649783,1.4722546028079146,1.842623039753085,False,0.0,True
seqFISH+ olfactory bulb,3,nested_gated_logreg_context_specific,0.5,0.6253669994128009,0.6015549333955919,0.09299281962474024,0.0967313944380229,0.9056641388657724,1.4738366080518013,1.842623039753085,False,0.0,True
seqFISH+ olfactory bulb,4,nested_logreg_learned_neighborhood,0.0,0.7041666666666667,0.7843661163337339,0.07295131655618728,0.04112028061259689,0.9610612853073592,1.8073974711389755,1.8073974711389755,True,0.0,True
seqFISH+ olfactory bulb,4,nested_logreg_learned_neighborhood,0.05,0.4589285714285714,0.4499912078386883,0.1574020245304792,0.23269111798913963,0.8654002704174802,1.0400304785936925,1.8073974711389755,False,0.0,True
seqFISH+ olfactory bulb,4,nested_logreg_learned_neighborhood,0.1,0.45476190476190476,0.4473250662805359,0.1606878583585826,0.24093085168979714,0.8553194141849766,1.014716246607609,1.8073974711389755,False,0.0,True
seqFISH+ olfactory bulb,4,nested_logreg_learned_neighborhood,0.2,0.4523809523809524,0.4438366743869543,0.1634832146876843,0.24524876260149242,0.8470175486146833,0.9952174838076989,1.8073974711389755,False,0.0,True
seqFISH+ olfactory bulb,4,nested_logreg_learned_neighborhood,0.35,0.44642857142857145,0.43599313158187103,0.16972140278458814,0.2600027861367784,0.8254594694910606,0.943335555008708,1.8073974711389755,False,0.0,True
seqFISH+ olfactory bulb,4,nested_logreg_learned_neighborhood,0.5,0.4303571428571429,0.42019210859617184,0.1768486952916193,0.2748962077163467,0.7910118175881233,0.867048308890615,1.8073974711389755,False,0.0,True
seqFISH+ olfactory bulb,4,nested_logreg_context_specific,0.0,0.7041666666666667,0.7843661163337339,0.07295131655618728,0.04112028061259689,0.9610612853073592,1.8073974711389755,1.8073974711389755,True,0.0,True
seqFISH+ olfactory bulb,4,nested_logreg_context_specific,0.05,0.4607142857142857,0.4519801430750797,0.15684816732548115,0.23325939027615306,0.8591293922406271,1.0361805491426441,1.8073974711389755,False,0.0,True
seqFISH+ olfactory bulb,4,nested_logreg_context_specific,0.1,0.4583333333333333,0.44849199328364353,0.15817391708041553,0.24004282766492954,0.8526223000399253,1.017480881911557,1.8073974711389755,False,0.0,True
seqFISH+ olfactory bulb,4,nested_logreg_context_specific,0.2,0.44166666666666665,0.43747252585674423,0.1661904576775474,0.2537221119538852,0.841226059036095,0.9692026819280732,1.8073974711389755,False,0.0,True
seqFISH+ olfactory bulb,4,nested_logreg_context_specific,0.35,0.4226190476190476,0.4198409218806231,0.17272076679008902,0.27640504347992517,0.7954541658115263,0.871824039326897,1.8073974711389755,False,0.0,True
seqFISH+ olfactory bulb,4,nested_logreg_context_specific,0.5,0.3952380952380952,0.390381350884637,0.18538117935183376,0.31053575051001064,0.7312637611428685,0.7245377059751849,1.8073974711389755,False,0.0,True
seqFISH+ olfactory bulb,4,nested_gated_logreg_learned_neighborhood,0.0,0.7041666666666667,0.7843661163337339,0.07295131655618728,0.04112028061259689,0.9610612853073592,1.8073974711389755,1.8073974711389755,True,0.0,True
seqFISH+ olfactory bulb,4,nested_gated_logreg_learned_neighborhood,0.05,0.631547619047619,0.6088507427559084,0.09453562618870018,0.09260788864956325,0.9401170376329517,1.5197111703125015,1.8073974711389755,False,0.0,True
seqFISH+ olfactory bulb,4,nested_gated_logreg_learned_neighborhood,0.1,0.6309523809523809,0.6073291493110381,0.09428394574549488,0.09337616890680174,0.9383620800965516,1.5157692099933882,1.8073974711389755,False,0.0,True
seqFISH+ olfactory bulb,4,nested_gated_logreg_learned_neighborhood,0.2,0.6321428571428571,0.6064847150759826,0.09385919626948688,0.09151834445229909,0.940521858276052,1.5196647469159628,1.8073974711389755,False,0.0,True
seqFISH+ olfactory bulb,4,nested_gated_logreg_learned_neighborhood,0.35,0.6339285714285714,0.6143595969142523,0.09235016781847703,0.08420331405237842,0.945097678093587,1.5413859359941267,1.8073974711389755,False,0.0,True
seqFISH+ olfactory bulb,4,nested_gated_logreg_learned_neighborhood,0.5,0.6345238095238095,0.6174162340097695,0.09395938926556123,0.08598889846923402,0.9341231228920819,1.5302220215480085,1.8073974711389755,False,0.0,True
seqFISH+ olfactory bulb,4,nested_gated_logreg_context_specific,0.0,0.7041666666666667,0.7843661163337339,0.07295131655618728,0.04112028061259689,0.9610612853073592,1.8073974711389755,1.8073974711389755,True,0.0,True
seqFISH+ olfactory bulb,4,nested_gated_logreg_context_specific,0.05,0.6321428571428571,0.6098109769783511,0.09456425887253238,0.09395856643910416,0.9366183786705595,1.5159422446229882,1.8073974711389755,False,0.0,True
seqFISH+ olfactory bulb,4,nested_gated_logreg_context_specific,0.1,0.6333333333333333,0.6085643409248271,0.09385687748946156,0.09428155340001924,0.9349170235115891,1.5136762668802688,1.8073974711389755,False,0.0,True
seqFISH+ olfactory bulb,4,nested_gated_logreg_context_specific,0.2,0.6309523809523809,0.6085226865712801,0.09359354270020988,0.09307825769573545,0.9350498327865904,1.5146388142000204,1.8073974711389755,False,0.0,True
seqFISH+ olfactory bulb,4,nested_gated_logreg_context_specific,0.35,0.6273809523809524,0.6004498522993384,0.09338941416855526,0.09393786917694089,0.9258883961438975,1.495856203192978,1.8073974711389755,False,0.0,True
seqFISH+ olfactory bulb,4,nested_gated_logreg_context_specific,0.5,0.6244047619047619,0.5909450727034178,0.09511874604958111,0.09803968287740433,0.9130346159584142,1.466922450211037,1.8073974711389755,False,0.0,True
seqFISH+ olfactory bulb,5,nested_logreg_learned_neighborhood,0.0,0.6628242074927954,0.723531192802769,0.08913446156813151,0.05656771968115255,0.9412966913034196,1.6848317547301033,1.6848317547301033,True,0.0,True
seqFISH+ olfactory bulb,5,nested_logreg_learned_neighborhood,0.05,0.42363112391930835,0.3940591228358574,0.16187310427868967,0.24656668487331737,0.8253005992956164,0.916827713959294,1.6848317547301033,False,0.0,True
seqFISH+ olfactory bulb,5,nested_logreg_learned_neighborhood,0.1,0.42363112391930835,0.39588291579060053,0.16302788251660108,0.25072171442466634,0.8161774344045812,0.9042185342337415,1.6848317547301033,False,0.0,True
seqFISH+ olfactory bulb,5,nested_logreg_learned_neighborhood,0.2,0.4144092219020173,0.3876288334763768,0.1667314225083972,0.26368945349851713,0.8020663349959587,0.8628765979409256,1.6848317547301033,False,0.0,True
seqFISH+ olfactory bulb,5,nested_logreg_learned_neighborhood,0.35,0.3988472622478386,0.37217780638589504,0.17784271687929756,0.28791620119926825,0.7624887467852848,0.7686194506545736,1.6848317547301033,False,0.0,True
seqFISH+ olfactory bulb,5,nested_logreg_learned_neighborhood,0.5,0.37175792507204614,0.35071073170707423,0.19955970712810447,0.32262474820275017,0.7286359864291951,0.6501017440734262,1.6848317547301033,False,0.0,True
seqFISH+ olfactory bulb,5,nested_logreg_context_specific,0.0,0.6628242074927954,0.723531192802769,0.08913446156813151,0.05656771968115255,0.9412966913034196,1.6848317547301033,1.6848317547301033,True,0.0,True
seqFISH+ olfactory bulb,5,nested_logreg_context_specific,0.05,0.42363112391930835,0.3935351104711207,0.16483933293241684,0.2558655656513883,0.8101739181846115,0.888911911051754,1.6848317547301033,False,0.0,True
seqFISH+ olfactory bulb,5,nested_logreg_context_specific,0.1,0.42478386167146975,0.3948645380411797,0.16118804352574925,0.24741232638999602,0.8200764602124337,0.9125365937557356,1.6848317547301033,False,0.0,True
seqFISH+ olfactory bulb,5,nested_logreg_context_specific,0.2,0.42478386167146975,0.3911066187294445,0.16371738070157293,0.2513805885047176,0.813769326816822,0.8959739417578434,1.6848317547301033,False,0.0,True
seqFISH+ olfactory bulb,5,nested_logreg_context_specific,0.35,0.39423631123919306,0.36473798821657105,0.17544675658077974,0.2762775804565393,0.7685944546345529,0.7801671836236032,1.6848317547301033,False,0.0,True
seqFISH+ olfactory bulb,5,nested_logreg_context_specific,0.5,0.3567723342939481,0.3290984552847297,0.19272065881616673,0.32495143051505687,0.6823574712081613,0.5829769207351545,1.6848317547301033,False,0.0,True
seqFISH+ olfactory bulb,5,nested_gated_logreg_learned_neighborhood,0.0,0.6628242074927954,0.723531192802769,0.08913446156813151,0.05656771968115255,0.9412966913034196,1.6848317547301033,1.6848317547301033,True,0.0,True
seqFISH+ olfactory bulb,5,nested_gated_logreg_learned_neighborhood,0.05,0.5746397694524495,0.5154907180784571,0.10988620741786129,0.1206421843749594,0.9111084473000315,1.3397307159487803,1.6848317547301033,False,0.0,True
seqFISH+ olfactory bulb,5,nested_gated_logreg_learned_neighborhood,0.1,0.5746397694524495,0.5184298076730529,0.10987224188120902,0.12098263991943063,0.9109307389908109,1.3421656072263366,1.6848317547301033,False,0.0,True
seqFISH+ olfactory bulb,5,nested_gated_logreg_learned_neighborhood,0.2,0.5734870317002881,0.5188171349586808,0.11078999510380107,0.12214377604399698,0.9076541402718749,1.3369092620078293,1.6848317547301033,False,0.0,True
seqFISH+ olfactory bulb,5,nested_gated_logreg_learned_neighborhood,0.35,0.5821325648414986,0.525122484470038,0.1110248235146692,0.11841892907075187,0.9025353089009701,1.3437471819959617,1.6848317547301033,False,0.0,True
seqFISH+ olfactory bulb,5,nested_gated_logreg_learned_neighborhood,0.5,0.5873198847262248,0.5325818381315941,0.10943977758430382,0.11163154338058826,0.9099205198045711,1.3682610081528293,1.6848317547301033,False,0.0,True
seqFISH+ olfactory bulb,5,nested_gated_logreg_context_specific,0.0,0.6628242074927954,0.723531192802769,0.08913446156813151,0.05656771968115255,0.9412966913034196,1.6848317547301033,1.6848317547301033,True,0.0,True
seqFISH+ olfactory bulb,5,nested_gated_logreg_context_specific,0.05,0.5752161383285302,0.5178561959509922,0.1081063258627162,0.11692699423380512,0.9156399453731765,1.35226685580978,1.6848317547301033,False,0.0,True
seqFISH+ olfactory bulb,5,nested_gated_logreg_context_specific,0.1,0.5769452449567724,0.5210422257027477,0.10836965300323428,0.11685444928259803,0.9128437380921733,1.3528981727482818,1.6848317547301033,False,0.0,True
seqFISH+ olfactory bulb,5,nested_gated_logreg_context_specific,0.2,0.5786743515850145,0.521654993258771,0.10850315118623742,0.11859744820151327,0.9090230868608483,1.3482460686281224,1.6848317547301033,False,0.0,True
seqFISH+ olfactory bulb,5,nested_gated_logreg_context_specific,0.35,0.5821325648414986,0.5201776532104102,0.10618461239319346,0.1146335745711083,0.9105757005968707,1.3554683080533538,1.6848317547301033,False,0.0,True
seqFISH+ olfactory bulb,5,nested_gated_logreg_context_specific,0.5,0.5780979827089338,0.5167735010835172,0.10686767198437316,0.11671695855080293,0.900491476444609,1.3382048426701836,1.6848317547301033,False,0.0,True
seqFISH+ olfactory bulb,6,nested_logreg_learned_neighborhood,0.0,0.6512261580381471,0.6178253159051861,0.1052971607888629,0.08524588019316325,0.9283367126776921,1.5184255271103888,1.5184255271103888,True,0.0,True
seqFISH+ olfactory bulb,6,nested_logreg_learned_neighborhood,0.05,0.3918256130790191,0.32740388421744143,0.18234350825917797,0.3048219204943711,0.7842302532471336,0.7224251119807806,1.5184255271103888,False,0.0,True
seqFISH+ olfactory bulb,6,nested_logreg_learned_neighborhood,0.1,0.38910081743869207,0.32576730414137456,0.18635940973876444,0.31327717228148294,0.7802515569680263,0.7036574834488265,1.5184255271103888,False,0.0,True
seqFISH+ olfactory bulb,6,nested_logreg_learned_neighborhood,0.2,0.3782016348773842,0.3176770384782966,0.19280230800582612,0.33114101832857423,0.7755214084358484,0.6638055292990906,1.5184255271103888,False,0.0,True
seqFISH+ olfactory bulb,6,nested_logreg_learned_neighborhood,0.35,0.37057220708446864,0.3110681452968799,0.19758408674522157,0.3388349426947857,0.761924544458278,0.6292167120862677,1.5184255271103888,False,0.0,True
seqFISH+ olfactory bulb,6,nested_logreg_learned_neighborhood,0.5,0.3651226158038147,0.30533197245125565,0.20403325800995026,0.3417015621759356,0.7593512750823042,0.6102290812986277,1.5184255271103888,False,0.0,True
seqFISH+ olfactory bulb,6,nested_logreg_context_specific,0.0,0.6512261580381471,0.6178253159051861,0.1052971607888629,0.08524588019316325,0.9283367126776921,1.5184255271103888,1.5184255271103888,True,0.0,True
seqFISH+ olfactory bulb,6,nested_logreg_context_specific,0.05,0.3923705722070845,0.3270134680563566,0.18371287403003142,0.30809105548316945,0.7714708731596572,0.7047730547545842,1.5184255271103888,False,0.0,True
seqFISH+ olfactory bulb,6,nested_logreg_context_specific,0.1,0.3869209809264305,0.32431792839124596,0.1846559105786372,0.3100470770957893,0.767246730266949,0.6935919162153763,1.5184255271103888,False,0.0,True
seqFISH+ olfactory bulb,6,nested_logreg_context_specific,0.2,0.3678474114441417,0.3114826994674193,0.19269414341072585,0.33051257723834027,0.7411630083350449,0.6214008400144335,1.5184255271103888,False,0.0,True
seqFISH+ olfactory bulb,6,nested_logreg_context_specific,0.35,0.3476839237057221,0.2933744686909517,0.2041304028987991,0.35920493475821635,0.7001615301620077,0.5171216421223743,1.5184255271103888,False,0.0,True
seqFISH+ olfactory bulb,6,nested_logreg_context_specific,0.5,0.31444141689373295,0.26412637008275464,0.22194873106903076,0.40245508327430524,0.6553355148509651,0.3736684248138169,1.5184255271103888,False,0.0,True
seqFISH+ olfactory bulb,6,nested_gated_logreg_learned_neighborhood,0.0,0.6512261580381471,0.6178253159051861,0.1052971607888629,0.08524588019316325,0.9283367126776921,1.5184255271103888,1.5184255271103888,True,0.0,True
seqFISH+ olfactory bulb,6,nested_gated_logreg_learned_neighborhood,0.05,0.5716621253405995,0.4602524164090434,0.12299966417446476,0.14326292509318497,0.9118310185495117,1.248736377026055,1.5184255271103888,False,0.0,True
seqFISH+ olfactory bulb,6,nested_gated_logreg_learned_neighborhood,0.1,0.571117166212534,0.4597918095779617,0.12336107530314823,0.14411695385121534,0.9116634193093383,1.24675649128607,1.5184255271103888,False,0.0,True
seqFISH+ olfactory bulb,6,nested_gated_logreg_learned_neighborhood,0.2,0.5689373297002724,0.4615620749187189,0.1253666552866351,0.14171596339159515,0.9122539479083122,1.248967736573869,1.5184255271103888,False,0.0,True
seqFISH+ olfactory bulb,6,nested_gated_logreg_learned_neighborhood,0.35,0.5732970027247957,0.4624249441634344,0.12419501234184811,0.13869010975109272,0.9106692700597367,1.2535333428114295,1.5184255271103888,False,0.0,True
seqFISH+ olfactory bulb,6,nested_gated_logreg_learned_neighborhood,0.5,0.579291553133515,0.4710993402737618,0.12344989826441197,0.13210729203972024,0.913171467707294,1.2735365059603025,1.5184255271103888,False,0.0,True
seqFISH+ olfactory bulb,6,nested_gated_logreg_context_specific,0.0,0.6512261580381471,0.6178253159051861,0.1052971607888629,0.08524588019316325,0.9283367126776921,1.5184255271103888,1.5184255271103888,True,0.0,True
seqFISH+ olfactory bulb,6,nested_gated_logreg_context_specific,0.05,0.5694822888283378,0.45660841500861,0.12385691550505087,0.14510708915546655,0.9092733121737504,1.2392882947289277,1.5184255271103888,False,0.0,True
seqFISH+ olfactory bulb,6,nested_gated_logreg_context_specific,0.1,0.5700272479564032,0.4578796971322875,0.1232610318329562,0.14537217451370452,0.9028979834691415,1.2346512862438694,1.5184255271103888,False,0.0,True
seqFISH+ olfactory bulb,6,nested_gated_logreg_context_specific,0.2,0.5700272479564032,0.46030937831075874,0.12378345375698847,0.14505670789331715,0.8975902437921802,1.2315662724417342,1.5184255271103888,False,0.0,True
seqFISH+ olfactory bulb,6,nested_gated_logreg_context_specific,0.35,0.5738419618528611,0.4598722980979224,0.1231324193182043,0.14427105210771263,0.8963835834986615,1.2323129006338822,1.5184255271103888,False,0.0,True
seqFISH+ olfactory bulb,6,nested_gated_logreg_context_specific,0.5,0.576566757493188,0.4580790792885151,0.12568162814672026,0.1449120916867012,0.8914681776751904,1.2230952265035808,1.5184255271103888,False,0.0,True
