dataset_id,model,n_calls,wrong_calls,audit_flagged,expert_confirmed_flagged_errors,audit_flag_precision,wrong_call_rate,explicit_conflict_flagged,explicit_conflict_precision
SQUIDPY_SLIDESEQV2,seurat_label_transfer,2800,1779,1212,999,0.8242574257425742,0.6353571428571428,0,
GEO_GSE327581_COSMX_AD_BRAIN,reference_profile,5500,4062,3962,3190,0.8051489146895507,0.7385454545454545,0,
SQUIDPY_SLIDESEQV2,reference_profile,2800,1917,1602,1285,0.8021223470661673,0.6846428571428571,0,
SQUIDPY_SLIDESEQV2,reference_profile_learned_neighborhood,2800,1926,1819,1417,0.7789994502473887,0.6878571428571428,248,0.7137096774193549
SQUIDPY_SLIDESEQV2,marker_only,2800,1693,1397,1084,0.7759484609878311,0.6046428571428571,0,
SQUIDPY_SLIDESEQV2,marker_spatial_smoothing,2800,1693,1426,1104,0.7741935483870968,0.6046428571428571,0,
SQUIDPY_SLIDESEQV2,marker_spatial_smoothing_random_graph,2800,1688,1444,1104,0.7645429362880887,0.6028571428571429,0,
GEO_GSE327581_COSMX_AD_BRAIN,reference_profile_learned_neighborhood,5500,3989,4645,3548,0.7638320775026911,0.7252727272727273,635,0.6866141732283465
GEO_GSE284005_MERSCOPE_MS,seurat_label_transfer,9393,5340,3028,2271,0.75,0.5685084637496007,0,
SQUIDPY_SLIDESEQV2,marker_reference_profile,2800,1727,1752,1296,0.7397260273972602,0.6167857142857143,0,
GEO_GSE240015_VISIUM_THYMUS_DOMAIN,marker_only,3910,2582,2391,1723,0.7206189878711836,0.6603580562659846,0,
GEO_GSE327581_COSMX_AD_BRAIN,seurat_label_transfer,5500,2785,1718,1230,0.7159487776484285,0.5063636363636363,0,
GEO_GSE240015_VISIUM_THYMUS_DOMAIN,marker_learned_neighborhood,3910,2630,2932,2085,0.711118690313779,0.6726342710997443,245,0.6775510204081633
SQUIDPY_MERFISH,marker_reference_profile,4030,1106,850,601,0.7070588235294117,0.27444168734491314,0,
SQUIDPY_SLIDESEQV2,learned_random_graph,2800,1694,1791,1258,0.7024008933556672,0.605,808,0.6101485148514851
SQUIDPY_SLIDESEQV2,marker_learned_neighborhood,2800,1691,1801,1263,0.7012770682953915,0.6039285714285715,799,0.609511889862328
GEO_GSE240015_VISIUM_THYMUS_DOMAIN,marker_spatial_smoothing_random_graph,3910,2568,2396,1680,0.7011686143572621,0.6567774936061381,0,
GEO_GSE240015_VISIUM_THYMUS_DOMAIN,learned_permuted_prior,3910,2530,2852,1996,0.699859747545582,0.6470588235294118,303,0.6105610561056105
GEO_GSE240015_VISIUM_THYMUS_DOMAIN,marker_context_specific_neighborhood,3910,2607,2766,1931,0.6981200289226319,0.6667519181585678,0,
GEO_GSE240015_VISIUM_THYMUS_DOMAIN,marker_spatial_smoothing,3910,2509,2486,1734,0.6975060337892196,0.641687979539642,0,
GEO_GSE240015_VISIUM_THYMUS_DOMAIN,learned_random_graph,3910,2509,2929,2039,0.6961420279959031,0.641687979539642,143,0.5804195804195804
GEO_GSE284005_MERSCOPE_MS,reference_profile,9393,6143,4149,2888,0.6960713424921667,0.6539976578302992,0,
GSE202623_LESION,reference_profile,2485,1211,1148,795,0.6925087108013938,0.48732394366197185,0,
SQUIDPY_IMC,marker_spatial_smoothing,1744,1044,1050,726,0.6914285714285714,0.5986238532110092,0,
SQUIDPY_IMC,marker_only,1744,1059,1020,704,0.6901960784313725,0.6072247706422018,0,
GEO_GSE327581_COSMX_AD_BRAIN,marker_only,5500,2783,2274,1566,0.6886543535620053,0.506,0,
SQUIDPY_SLIDESEQV2,marker_context_specific_neighborhood,2800,1688,1920,1321,0.6880208333333333,0.6028571428571429,0,
SQUIDPY_MERFISH,reference_profile,4030,1206,573,394,0.68760907504363,0.2992555831265509,0,
GEO_GSE327581_COSMX_AD_BRAIN,marker_spatial_smoothing_random_graph,5500,2741,2812,1933,0.6874110953058321,0.49836363636363634,0,
GEO_GSE284005_MERSCOPE_MS,marker_reference_profile,9393,5364,6042,4141,0.6853690830850712,0.5710635579687001,0,
SQUIDPY_IMC,learned_random_graph,1744,1058,1185,809,0.6827004219409283,0.606651376146789,299,0.6488294314381271
SQUIDPY_IMC,marker_learned_neighborhood,1744,1061,1175,800,0.6808510638297872,0.6083715596330275,200,0.655
SQUIDPY_IMC,marker_spatial_smoothing_random_graph,1744,1032,1009,686,0.6798810703666998,0.591743119266055,0,
GEO_GSE284005_MERSCOPE_MS,reference_profile_learned_neighborhood,9393,6180,5850,3953,0.6757264957264957,0.6579367614180773,1220,0.5549180327868852
SQUIDPY_SLIDESEQV2,learned_permuted_prior,2800,1692,1978,1329,0.6718907987866531,0.6042857142857143,1173,0.6044330775788577
SQUIDPY_IMC,marker_reference_profile,1744,1028,1082,719,0.6645101663585952,0.5894495412844036,0,
SQUIDPY_MIBITOF,marker_spatial_smoothing,2012,914,594,394,0.6632996632996633,0.4542743538767396,0,
SQUIDPY_SEQFISH,seurat_label_transfer,5389,1769,640,423,0.6609375,0.32826127296344404,0,
GEO_GSE240015_VISIUM_THYMUS_DOMAIN,seurat_label_transfer,3910,1521,545,360,0.6605504587155964,0.38900255754475704,0,
SQUIDPY_MIBITOF,marker_spatial_smoothing_random_graph,2012,908,538,355,0.6598513011152416,0.45129224652087474,0,
SQUIDPY_IMC,reference_profile,1744,1049,1099,724,0.6587807097361238,0.6014908256880734,0,
GEO_GSE327581_COSMX_AD_BRAIN,marker_spatial_smoothing,5500,2761,2869,1889,0.6584175670965493,0.502,0,
SQUIDPY_MIBITOF,marker_only,2012,906,544,357,0.65625,0.45029821073558646,0,
SQUIDPY_IMC,reference_profile_learned_neighborhood,1744,1059,1291,845,0.6545313710302091,0.6072247706422018,92,0.7065217391304348
SQUIDPY_SEQFISH,reference_profile,5389,2365,1874,1226,0.6542155816435432,0.43885693078493226,0,
GEO_GSE240015_VISIUM_THYMUS_DOMAIN,marker_reference_profile,3910,2370,3005,1964,0.6535773710482529,0.6061381074168798,0,
SQUIDPY_IMC,learned_permuted_prior,1744,1057,1244,810,0.6511254019292605,0.6060779816513762,542,0.6088560885608856
GEO_GSE284005_MERSCOPE_MS,marker_only,9393,4700,5505,3568,0.6481380563124433,0.500372617906952,0,
GEO_GSE284005_MERSCOPE_MS,marker_spatial_smoothing_random_graph,9393,4679,5757,3722,0.6465172833072781,0.49813691046524006,0,
GEO_GSE327581_COSMX_AD_BRAIN,learned_random_graph,5500,2791,2804,1806,0.6440798858773181,0.5074545454545455,763,0.5373525557011796
GEO_GSE284005_MERSCOPE_MS,marker_spatial_smoothing,9393,4665,5829,3734,0.6405901526848516,0.49664643883743215,0,
GEO_GSE240015_VISIUM_THYMUS_DOMAIN,reference_profile_learned_neighborhood,3910,2501,3203,2047,0.6390883546674992,0.6396419437340154,84,0.7619047619047619
GEO_GSE240015_VISIUM_THYMUS_DOMAIN,reference_profile,3910,2494,2956,1882,0.6366711772665764,0.6378516624040921,0,
SQUIDPY_IMC,marker_context_specific_neighborhood,1744,1041,1228,778,0.6335504885993485,0.5969036697247706,0,
GEO_GSE327581_COSMX_AD_BRAIN,marker_reference_profile,5500,2865,3620,2272,0.6276243093922652,0.5209090909090909,0,
GSE202623_LESION,marker_only,2485,735,899,561,0.6240266963292548,0.29577464788732394,0,
SQUIDPY_VISIUM_FLUO,marker_only,2753,1213,1099,685,0.6232939035486806,0.4406102433708681,0,
SQUIDPY_MIBITOF,marker_reference_profile,2012,879,656,408,0.6219512195121951,0.43687872763419483,0,
SQUIDPY_VISIUM_FLUO,reference_profile,2753,1278,1418,878,0.6191819464033851,0.464220849981838,0,
GEO_GSE284005_MERSCOPE_MS,learned_random_graph,9393,4722,6141,3802,0.6191174075883407,0.5027147876077931,999,0.47047047047047047
SQUIDPY_VISIUM_FLUO,marker_reference_profile,2753,1180,1288,790,0.6133540372670807,0.42862332001452963,0,
GEO_GSE284005_MERSCOPE_MS,learned_permuted_prior,9393,4722,6294,3841,0.6102637432475373,0.5027147876077931,1317,0.45785876993166286
SQUIDPY_VISIUM_HNE,marker_only,2688,1304,1223,746,0.6099754701553557,0.4851190476190476,0,
SQUIDPY_VISIUM_FLUO,marker_spatial_smoothing,2753,1150,1181,714,0.6045723962743438,0.41772611696331274,0,
GEO_GSE327581_COSMX_AD_BRAIN,learned_permuted_prior,5500,2782,3241,1952,0.6022832459117556,0.5058181818181818,1369,0.4784514243973703
SQUIDPY_VISIUM_FLUO,marker_spatial_smoothing_random_graph,2753,1187,1275,757,0.5937254901960785,0.4311660007264802,0,
SQUIDPY_SEQFISH,marker_only,5389,1893,1762,1045,0.5930760499432464,0.35127110781221005,0,
GEO_GSE284005_MERSCOPE_MS,marker_context_specific_neighborhood,9393,4686,6497,3849,0.59242727412652,0.49888214627914407,0,
GEO_GSE284005_MERSCOPE_MS,marker_learned_neighborhood,9393,4688,6639,3916,0.5898478686549179,0.49909507079740234,1764,0.4268707482993197
SQUIDPY_MERFISH,seurat_label_transfer,4030,996,402,236,0.5870646766169154,0.24714640198511167,0,
GEO_GSE327581_COSMX_AD_BRAIN,marker_learned_neighborhood,5500,2718,3512,2045,0.5822892938496583,0.49418181818181817,1225,0.41551020408163264
GSE202623_LESION,marker_spatial_smoothing,2485,736,997,580,0.5817452357071213,0.29617706237424546,0,
SQUIDPY_MIBITOF,reference_profile_learned_neighborhood,2012,947,1150,667,0.58,0.470675944333996,464,0.5323275862068966
SQUIDPY_MIBITOF,marker_context_specific_neighborhood,2012,917,1063,615,0.5785512699905927,0.455765407554672,0,
GEO_GSE327581_COSMX_AD_BRAIN,marker_context_specific_neighborhood,5500,2727,3442,1988,0.5775711795467752,0.4958181818181818,0,
SQUIDPY_SEQFISH,marker_reference_profile,5389,1936,2184,1261,0.5773809523809523,0.35925032473557245,0,
SQUIDPY_MIBITOF,marker_learned_neighborhood,2012,916,1003,577,0.5752741774675972,0.4552683896620278,697,0.539454806312769
SQUIDPY_SEQFISH,marker_spatial_smoothing,5389,1855,1982,1140,0.5751765893037336,0.34421970681016884,0,
GSE202623_LESION,marker_reference_profile,2485,842,1194,683,0.5720268006700168,0.33883299798792754,0,
GSE202623_LESION,marker_spatial_smoothing_random_graph,2485,732,1032,585,0.5668604651162791,0.2945674044265594,0,
SQUIDPY_VISIUM_FLUO,seurat_label_transfer,2753,423,145,82,0.5655172413793104,0.15365056302215765,0,
GSE202623_LESION,reference_profile_learned_neighborhood,2485,1133,1615,913,0.5653250773993808,0.45593561368209257,708,0.4533898305084746
SQUIDPY_SEQFISH,reference_profile_learned_neighborhood,5389,2215,2919,1634,0.5597807468311066,0.41102245314529595,1355,0.5217712177121772
SQUIDPY_MIBITOF,learned_permuted_prior,2012,904,1067,596,0.5585754451733833,0.44930417495029823,758,0.503957783641161
SQUIDPY_SEQFISH,marker_spatial_smoothing_random_graph,5389,1887,2046,1139,0.5566959921798631,0.3501577287066246,0,
SQUIDPY_MIBITOF,reference_profile,2012,902,868,480,0.5529953917050692,0.44831013916500995,0,
SQUIDPY_MERFISH,marker_only,4030,873,920,506,0.55,0.21662531017369727,0,
GSE202623_LESION,seurat_label_transfer,2485,181,33,18,0.5454545454545454,0.07283702213279677,0,
SQUIDPY_VISIUM_HNE,marker_learned_neighborhood,2688,1205,1652,887,0.5369249394673123,0.44828869047619047,807,0.5588599752168525
SQUIDPY_VISIUM_FLUO,reference_profile_learned_neighborhood,2753,1302,1735,929,0.5354466858789625,0.4729386124228115,672,0.4836309523809524
SQUIDPY_VISIUM_HNE,marker_spatial_smoothing,2688,1155,1325,707,0.5335849056603773,0.4296875,0,
SQUIDPY_VISIUM_HNE,marker_spatial_smoothing_random_graph,2688,1174,1368,728,0.5321637426900585,0.4367559523809524,0,
SQUIDPY_VISIUM_HNE,marker_reference_profile,2688,1158,1532,796,0.5195822454308094,0.43080357142857145,0,
SQUIDPY_VISIUM_HNE,seurat_label_transfer,2688,385,146,75,0.5136986301369864,0.14322916666666666,0,
SQUIDPY_MERFISH,marker_spatial_smoothing_random_graph,4030,831,1037,528,0.5091610414657667,0.20620347394540942,0,
SQUIDPY_VISIUM_FLUO,learned_random_graph,2753,1184,1658,844,0.5090470446320868,0.43007628042135854,923,0.4507042253521127
SQUIDPY_MERFISH,marker_spatial_smoothing,4030,857,1169,591,0.5055603079555175,0.21265508684863524,0,
GEO_GSE333737_MERSCOPE_PANCREAS_VASCULAR,reference_profile,2400,551,380,192,0.5052631578947369,0.22958333333333333,0,
SQUIDPY_MIBITOF,learned_random_graph,2012,934,1331,670,0.5033809166040571,0.46421471172962225,1051,0.45575642245480497
GEO_GSE333737_MERSCOPE_PANCREAS_VASCULAR,marker_spatial_smoothing_random_graph,2400,587,434,217,0.5,0.24458333333333335,0,
SQUIDPY_VISIUM_HNE,learned_random_graph,2688,1267,1914,948,0.4952978056426332,0.4713541666666667,1148,0.4442508710801394
GEO_GSE333737_MERSCOPE_PANCREAS_VASCULAR,marker_reference_profile,2400,553,376,185,0.4920212765957447,0.23041666666666666,0,
SQUIDPY_VISIUM_FLUO,learned_permuted_prior,2753,1054,1586,775,0.48865069356872637,0.3828550671994188,680,0.43823529411764706
SQUIDPY_VISIUM_HNE,marker_context_specific_neighborhood,2688,1221,2074,997,0.48071359691417553,0.45424107142857145,0,
GEO_GSE333737_MERSCOPE_PANCREAS_VASCULAR,marker_only,2400,577,401,190,0.47381546134663344,0.24041666666666667,0,
SQUIDPY_SEQFISH,marker_learned_neighborhood,5389,1835,2645,1245,0.4706994328922495,0.34050844312488404,1129,0.32152347209920284
SQUIDPY_SEQFISH,learned_permuted_prior,5389,1880,2703,1271,0.47021827598964117,0.3488587864167749,1427,0.3910301331464611
SQUIDPY_VISIUM_FLUO,marker_context_specific_neighborhood,2753,1187,1927,895,0.4644525168655942,0.4311660007264802,0,
SQUIDPY_VISIUM_FLUO,marker_learned_neighborhood,2753,1052,1526,706,0.46264744429882043,0.3821285869960044,763,0.41546526867627787
GEO_GSE333737_MERSCOPE_PANCREAS_VASCULAR,marker_spatial_smoothing,2400,575,441,204,0.46258503401360546,0.23958333333333334,0,
SQUIDPY_VISIUM_HNE,reference_profile_learned_neighborhood,2688,1050,1887,846,0.4483306836248013,0.390625,396,0.4823232323232323
SQUIDPY_VISIUM_HNE,learned_permuted_prior,2688,1020,1854,823,0.44390507011866237,0.3794642857142857,1043,0.43815915627996166
SQUIDPY_VISIUM_HNE,reference_profile,2688,1109,1752,777,0.4434931506849315,0.41257440476190477,0,
SQUIDPY_SEQFISH,marker_context_specific_neighborhood,5389,1874,2943,1300,0.4417261297995243,0.34774540731118947,0,
GSE202623_LESION,learned_random_graph,2485,719,1479,628,0.42461122379986477,0.2893360160965795,891,0.30976430976430974
SQUIDPY_SEQFISH,learned_random_graph,5389,1881,3032,1268,0.4182058047493404,0.34904434960103914,1679,0.2751637879690292
GSE202623_LESION,learned_permuted_prior,2485,723,1506,627,0.4163346613545817,0.2909456740442656,921,0.30618892508143325
GSE202623_LESION,marker_learned_neighborhood,2485,703,1481,600,0.4051316677920324,0.282897384305835,842,0.24228028503562946
SQUIDPY_MERFISH,reference_profile_learned_neighborhood,4030,1141,1588,625,0.39357682619647355,0.28312655086848637,956,0.23326359832635984
GSE202623_LESION,marker_context_specific_neighborhood,2485,725,1763,647,0.36698808848553605,0.2917505030181087,0,
SQUIDPY_MERFISH,marker_learned_neighborhood,4030,858,1745,602,0.3449856733524355,0.2129032258064516,1034,0.21663442940038685
SQUIDPY_MERFISH,learned_random_graph,4030,878,1836,627,0.3415032679738562,0.21786600496277916,1137,0.2198768689533861
SQUIDPY_MERFISH,marker_context_specific_neighborhood,4030,861,1904,629,0.33035714285714285,0.21364764267990075,0,
GEO_GSE333737_MERSCOPE_PANCREAS_VASCULAR,reference_profile_learned_neighborhood,2400,659,1495,486,0.3250836120401338,0.27458333333333335,1224,0.238562091503268
SQUIDPY_MERFISH,learned_permuted_prior,4030,866,2156,624,0.2894248608534323,0.21488833746898264,1593,0.20087884494664154
GEO_GSE333737_MERSCOPE_PANCREAS_VASCULAR,marker_context_specific_neighborhood,2400,581,1583,433,0.2735312697409981,0.24208333333333334,0,
GEO_GSE333737_MERSCOPE_PANCREAS_VASCULAR,learned_permuted_prior,2400,587,1535,413,0.26905537459283385,0.24458333333333335,1357,0.2417096536477524
GEO_GSE333737_MERSCOPE_PANCREAS_VASCULAR,learned_random_graph,2400,586,1688,452,0.2677725118483412,0.24416666666666667,1531,0.24232527759634226
GEO_GSE333737_MERSCOPE_PANCREAS_VASCULAR,marker_learned_neighborhood,2400,580,1556,413,0.2654241645244216,0.24166666666666667,1369,0.2366691015339664
