dataset_id,source_dataset_id,modality,biological_context,sampling,n_cells_full,n_features_full,expanded_cells,expanded_features,n_labels,n_fov_groups,expression_path,metadata_path,cell_id_col,label_col,group_col,x_col,y_col
GSE202623_CELLTYPE_EXPANDED,GSE202623,MERFISH_RNA_single_cell,large balanced Huntington disease MERFISH cell-type benchmark,"balanced non-doublet cell.type_manual labels, min_per_label=50, max_per_label=1000",280176,287,33760,287,42,3337,GSE202623_CELLTYPE_EXPANDED\GSE202623_CELLTYPE_EXPANDED_expanded_expression.tsv.gz,GSE202623_CELLTYPE_EXPANDED\GSE202623_CELLTYPE_EXPANDED_expanded_metadata.tsv,cell_id,label,fov_group,x,y
GEO_GSE333737_MERSCOPE_PANCREAS_VASCULAR_EXPANDED,GSE333737,MERSCOPE_MERFISH_RNA_single_cell,"adult human pancreas vascular-associated populations, all cells",all labeled cells,24222,300,24222,300,4,12,GEO_GSE333737_MERSCOPE_PANCREAS_VASCULAR_EXPANDED\GEO_GSE333737_MERSCOPE_PANCREAS_VASCULAR_EXPANDED_expanded_expression.tsv.gz,GEO_GSE333737_MERSCOPE_PANCREAS_VASCULAR_EXPANDED\GEO_GSE333737_MERSCOPE_PANCREAS_VASCULAR_EXPANDED_expanded_metadata.tsv,cell_id,label,fov_group,x,y
GEO_GSE284005_MERSCOPE_MS_EXPANDED,GSE284005,MERSCOPE_MERFISH_RNA_single_cell,"human multiple sclerosis lesion atlas, balanced large subset","balanced clean_sub labels, min_per_label=25, max_per_label=1000",401794,500,34350,500,38,17,GEO_GSE284005_MERSCOPE_MS_EXPANDED\GEO_GSE284005_MERSCOPE_MS_EXPANDED_expanded_expression.tsv.gz,GEO_GSE284005_MERSCOPE_MS_EXPANDED\GEO_GSE284005_MERSCOPE_MS_EXPANDED_expanded_metadata.tsv,cell_id,label,fov_group,x,y
GEO_GSE327581_COSMX_AD_BRAIN_EXPANDED,GSE327581,CosMx_spatial_molecular_imaging,"3xTg-AD mouse brain after fecal microbiota transplant, balanced large subset","balanced InSituType labels, min_per_label=25, max_per_label=300",738722,1207,16371,1207,55,5,GEO_GSE327581_COSMX_AD_BRAIN_EXPANDED\GEO_GSE327581_COSMX_AD_BRAIN_EXPANDED_expanded_expression.tsv.gz,GEO_GSE327581_COSMX_AD_BRAIN_EXPANDED\GEO_GSE327581_COSMX_AD_BRAIN_EXPANDED_expanded_metadata.tsv,cell_id,label,fov_group,x,y
SQUIDPY_MERFISH_EXPANDED,SQUIDPY_MERFISH,spatial_transcriptomics_single_cell,"MERFISH mouse hypothalamus/preoptic region, all clean cells",all clean labels with >= 25 cells,73655,161,73655,161,16,12,SQUIDPY_MERFISH_EXPANDED\SQUIDPY_MERFISH_EXPANDED_expanded_expression.tsv.gz,SQUIDPY_MERFISH_EXPANDED\SQUIDPY_MERFISH_EXPANDED_expanded_metadata.tsv,cell_id,label,fov_group,x,y
SQUIDPY_SEQFISH_EXPANDED,SQUIDPY_SEQFISH,spatial_transcriptomics_single_cell,"seqFISH mouse organogenesis, all clean cells",all clean labels with >= 25 cells,19416,351,19416,351,22,63,SQUIDPY_SEQFISH_EXPANDED\SQUIDPY_SEQFISH_EXPANDED_expanded_expression.tsv.gz,SQUIDPY_SEQFISH_EXPANDED\SQUIDPY_SEQFISH_EXPANDED_expanded_metadata.tsv,cell_id,label,fov_group,x,y
SQUIDPY_SLIDESEQV2_EXPANDED,SQUIDPY_SLIDESEQV2,spatial_transcriptomics_bead,"Slide-seqV2 mouse hippocampus, balanced large subset","balanced clean labels, min_per_label=25, max_per_label=1500, top mean features=1500",41786,4000,18842,1500,14,64,SQUIDPY_SLIDESEQV2_EXPANDED\SQUIDPY_SLIDESEQV2_EXPANDED_expanded_expression.tsv.gz,SQUIDPY_SLIDESEQV2_EXPANDED\SQUIDPY_SLIDESEQV2_EXPANDED_expanded_metadata.tsv,cell_id,label,fov_group,x,y
GEO_GSE302502_XENIUM_GLIOMA_TLS_EXPANDED,GSE302502,Xenium_spatial_transcriptomics_single_cell,human glioma tertiary lymphoid structures with coarse immune/stromal cell labels,"balanced coarse_cell_type labels from 12 TLS patient samples, max_per_label=2500",74830,541,23570,541,10,12,GEO_GSE302502_XENIUM_GLIOMA_TLS_EXPANDED\GEO_GSE302502_XENIUM_GLIOMA_TLS_EXPANDED_expanded_expression.tsv.gz,GEO_GSE302502_XENIUM_GLIOMA_TLS_EXPANDED\GEO_GSE302502_XENIUM_GLIOMA_TLS_EXPANDED_expanded_metadata.tsv,cell_id,label,fov_group,x,y
GEO_GSE282127_GENERIC_H5AD_EXPANDED,GSE282127,generic_h5ad_spatial_label_parser,GSE282127 prepared by generic h5ad parser,"balanced labels, max_per_label applied; label_col=leiden_0.8",88406,550,53108,550,26,42,D:\NicheTypeR_GEO_100_QUEUE\prepared\GEO_GSE282127_GENERIC_H5AD_EXPANDED\GEO_GSE282127_GENERIC_H5AD_EXPANDED_expanded_expression.tsv.gz,D:\NicheTypeR_GEO_100_QUEUE\prepared\GEO_GSE282127_GENERIC_H5AD_EXPANDED\GEO_GSE282127_GENERIC_H5AD_EXPANDED_expanded_metadata.tsv,cell_id,label,fov_group,x,y
GEO_GSE245263_GENERIC_H5AD_EXPANDED,GSE245263,generic_h5ad_spatial_label_parser,GSE245263 prepared by generic h5ad parser,"balanced labels, max_per_label applied; label_col=leiden",2158,32272,2158,2000,15,61,D:\NicheTypeR_GEO_100_QUEUE\prepared\GEO_GSE245263_GENERIC_H5AD_EXPANDED\GEO_GSE245263_GENERIC_H5AD_EXPANDED_expanded_expression.tsv.gz,D:\NicheTypeR_GEO_100_QUEUE\prepared\GEO_GSE245263_GENERIC_H5AD_EXPANDED\GEO_GSE245263_GENERIC_H5AD_EXPANDED_expanded_metadata.tsv,cell_id,label,fov_group,x,y
GEO_GSE263450_GENERIC_H5AD_EXPANDED,GSE263450,generic_h5ad_spatial_label_parser,GSE263450 prepared by generic h5ad parser,"balanced labels, max_per_label applied; label_col=leiden",37036,35032,36521,2000,24,63,D:\NicheTypeR_GEO_100_QUEUE\prepared\GEO_GSE263450_GENERIC_H5AD_EXPANDED\GEO_GSE263450_GENERIC_H5AD_EXPANDED_expanded_expression.tsv.gz,D:\NicheTypeR_GEO_100_QUEUE\prepared\GEO_GSE263450_GENERIC_H5AD_EXPANDED\GEO_GSE263450_GENERIC_H5AD_EXPANDED_expanded_metadata.tsv,cell_id,label,fov_group,x,y
GEO_GSE294759_GENERIC_H5AD_EXPANDED,GSE294759,generic_h5ad_spatial_label_parser,GSE294759 prepared by generic h5ad parser,"balanced labels, max_per_label applied; label_col=leiden",60932,35209,44137,2000,32,64,D:\NicheTypeR_GEO_100_QUEUE\prepared\GEO_GSE294759_GENERIC_H5AD_EXPANDED\GEO_GSE294759_GENERIC_H5AD_EXPANDED_expanded_expression.tsv.gz,D:\NicheTypeR_GEO_100_QUEUE\prepared\GEO_GSE294759_GENERIC_H5AD_EXPANDED\GEO_GSE294759_GENERIC_H5AD_EXPANDED_expanded_metadata.tsv,cell_id,label,fov_group,x,y
GEO_GSE301435_GENERIC_COSMX_CSV_EXPANDED,GSE301435,generic_cosmx_csv_metadata_expression,GSE301435 prepared by generic CosMx CSV expression+metadata parser,"balanced labels, max_per_label applied; label_col=RNA_nbclust_719bacdb.ea30.4c91.8f6f.d838e95062e8_1_clusters",394364,1201,57937,1201,26,617,D:\NicheTypeR_GEO_100_QUEUE\prepared\GEO_GSE301435_GENERIC_COSMX_CSV_EXPANDED\GEO_GSE301435_GENERIC_COSMX_CSV_EXPANDED_expanded_expression.tsv.gz,D:\NicheTypeR_GEO_100_QUEUE\prepared\GEO_GSE301435_GENERIC_COSMX_CSV_EXPANDED\GEO_GSE301435_GENERIC_COSMX_CSV_EXPANDED_expanded_metadata.tsv,cell_id,label,fov_group,x,y
GEO_GSE308624_GENERIC_H5AD_EXPANDED,GSE308624,generic_h5ad_spatial_label_parser,GSE308624 prepared by generic h5ad parser,"balanced labels, max_per_label applied; label_col=cell_type",200182,1000,18032,1000,8,64,D:\NicheTypeR_GEO_100_QUEUE\prepared\GEO_GSE308624_GENERIC_H5AD_EXPANDED\GEO_GSE308624_GENERIC_H5AD_EXPANDED_expanded_expression.tsv.gz,D:\NicheTypeR_GEO_100_QUEUE\prepared\GEO_GSE308624_GENERIC_H5AD_EXPANDED\GEO_GSE308624_GENERIC_H5AD_EXPANDED_expanded_metadata.tsv,cell_id,label,fov_group,x,y
GEO_GSE310129_GENERIC_H5AD_EXPANDED,GSE310129,generic_h5ad_spatial_label_parser,GSE310129 prepared by generic h5ad parser,"balanced labels, max_per_label applied; label_col=leiden",22522,20845,22522,2000,28,63,D:\NicheTypeR_GEO_100_QUEUE\prepared\GEO_GSE310129_GENERIC_H5AD_EXPANDED\GEO_GSE310129_GENERIC_H5AD_EXPANDED_expanded_expression.tsv.gz,D:\NicheTypeR_GEO_100_QUEUE\prepared\GEO_GSE310129_GENERIC_H5AD_EXPANDED\GEO_GSE310129_GENERIC_H5AD_EXPANDED_expanded_metadata.tsv,cell_id,label,fov_group,x,y
GEO_GSE317755_GENERIC_H5AD_EXPANDED,GSE317755,generic_h5ad_spatial_label_parser,GSE317755 prepared by generic h5ad parser,"balanced labels, max_per_label applied; label_col=seurat_clusters",3188,20406,3188,2000,14,61,D:\NicheTypeR_GEO_100_QUEUE\prepared\GEO_GSE317755_GENERIC_H5AD_EXPANDED\GEO_GSE317755_GENERIC_H5AD_EXPANDED_expanded_expression.tsv.gz,D:\NicheTypeR_GEO_100_QUEUE\prepared\GEO_GSE317755_GENERIC_H5AD_EXPANDED\GEO_GSE317755_GENERIC_H5AD_EXPANDED_expanded_metadata.tsv,cell_id,label,fov_group,x,y
GEO_GSE327129_GENERIC_H5AD_EXPANDED,GSE327129,generic_h5ad_spatial_label_parser,GSE327129 prepared by generic h5ad parser,"balanced labels, max_per_label applied; label_col=Classification",17586,14703,7303,2000,3,61,D:\NicheTypeR_GEO_100_QUEUE\prepared\GEO_GSE327129_GENERIC_H5AD_EXPANDED\GEO_GSE327129_GENERIC_H5AD_EXPANDED_expanded_expression.tsv.gz,D:\NicheTypeR_GEO_100_QUEUE\prepared\GEO_GSE327129_GENERIC_H5AD_EXPANDED\GEO_GSE327129_GENERIC_H5AD_EXPANDED_expanded_metadata.tsv,cell_id,label,fov_group,x,y
GEO_GSE328481_GENERIC_H5AD_EXPANDED,GSE328481,generic_h5ad_spatial_label_parser,GSE328481 prepared by generic h5ad parser,"balanced labels, max_per_label applied; label_col=bin50 structural annotation",97923,33157,15000,2000,6,58,D:\NicheTypeR_GEO_100_QUEUE\prepared\GEO_GSE328481_GENERIC_H5AD_EXPANDED\GEO_GSE328481_GENERIC_H5AD_EXPANDED_expanded_expression.tsv.gz,D:\NicheTypeR_GEO_100_QUEUE\prepared\GEO_GSE328481_GENERIC_H5AD_EXPANDED\GEO_GSE328481_GENERIC_H5AD_EXPANDED_expanded_metadata.tsv,cell_id,label,fov_group,x,y
GEO_GSE330849_GENERIC_H5AD_EXPANDED,GSE330849,generic_h5ad_spatial_label_parser,GSE330849 prepared by generic h5ad parser,"balanced labels, max_per_label applied; label_col=leiden",135495,478,52701,478,23,64,D:\NicheTypeR_GEO_100_QUEUE\prepared\GEO_GSE330849_GENERIC_H5AD_EXPANDED\GEO_GSE330849_GENERIC_H5AD_EXPANDED_expanded_expression.tsv.gz,D:\NicheTypeR_GEO_100_QUEUE\prepared\GEO_GSE330849_GENERIC_H5AD_EXPANDED\GEO_GSE330849_GENERIC_H5AD_EXPANDED_expanded_metadata.tsv,cell_id,label,fov_group,x,y
GEO_GSE325587_GENERIC_CSV_PAIR_EXPANDED,GSE325587,generic_csv_expression_metadata_pair,GSE325587 prepared by generic CSV expression+metadata pair parser,"balanced labels, max_per_label applied; label_col=GSE325587_processed_metadata.csv.gz:cell_types_full",383258,1008,20386,1008,29,194,D:\NicheTypeR_GEO_100_QUEUE\prepared\GEO_GSE325587_GENERIC_CSV_PAIR_EXPANDED\GEO_GSE325587_GENERIC_CSV_PAIR_EXPANDED_expanded_expression.tsv.gz,D:\NicheTypeR_GEO_100_QUEUE\prepared\GEO_GSE325587_GENERIC_CSV_PAIR_EXPANDED\GEO_GSE325587_GENERIC_CSV_PAIR_EXPANDED_expanded_metadata.tsv,cell_id,label,fov_group,x,y
GEO_GSE273530_GENERIC_COSMX_CSV_EXPANDED,GSE273530,generic_cosmx_csv_metadata_expression,GSE273530 prepared by generic CosMx CSV expression+metadata parser,"balanced labels, max_per_label applied; label_col=nn_233be8c1.6622.4cb9.83e9.1c261ca737c7_1_cluster_cluster_e901c776.a68c.4ffe.828e.b95c25440e02_1",9231,1196,8976,1196,10,29,D:\NicheTypeR_GEO_100_QUEUE\prepared\GEO_GSE273530_GENERIC_COSMX_CSV_EXPANDED\GEO_GSE273530_GENERIC_COSMX_CSV_EXPANDED_expanded_expression.tsv.gz,D:\NicheTypeR_GEO_100_QUEUE\prepared\GEO_GSE273530_GENERIC_COSMX_CSV_EXPANDED\GEO_GSE273530_GENERIC_COSMX_CSV_EXPANDED_expanded_metadata.tsv,cell_id,label,fov_group,x,y
GEO_GSE273952_GENERIC_VISIUM_H5_ANNOTATION_EXPANDED,GSE273952,generic_visium_10x_h5_annotation,GSE273952 prepared by generic Visium 10x h5 + annotation parser,"balanced labels, max_per_label applied; label_col=TumoralZone_annotation:Tumor_zone",33692,17943,5000,2000,2,566,D:\NicheTypeR_GEO_100_QUEUE\prepared\GEO_GSE273952_GENERIC_VISIUM_H5_ANNOTATION_EXPANDED\GEO_GSE273952_GENERIC_VISIUM_H5_ANNOTATION_EXPANDED_expanded_expression.tsv.gz,D:\NicheTypeR_GEO_100_QUEUE\prepared\GEO_GSE273952_GENERIC_VISIUM_H5_ANNOTATION_EXPANDED\GEO_GSE273952_GENERIC_VISIUM_H5_ANNOTATION_EXPANDED_expanded_metadata.tsv,cell_id,label,fov_group,x,y
GEO_GSE337336_GENERIC_CSV_PAIR_EXPANDED,GSE337336,generic_csv_expression_metadata_pair,GSE337336 prepared by generic CSV expression+metadata pair parser,"balanced labels, max_per_label applied; label_col=InSituTypeIDs2",65717,1000,20000,1000,8,559,D:\NicheTypeR_GEO_100_QUEUE\prepared\GEO_GSE337336_GENERIC_CSV_PAIR_EXPANDED\GEO_GSE337336_GENERIC_CSV_PAIR_EXPANDED_expanded_expression.tsv.gz,D:\NicheTypeR_GEO_100_QUEUE\prepared\GEO_GSE337336_GENERIC_CSV_PAIR_EXPANDED\GEO_GSE337336_GENERIC_CSV_PAIR_EXPANDED_expanded_metadata.tsv,cell_id,label,fov_group,x,y
GEO_GSE307588_GENERIC_COSMX_TSV_EXPANDED,GSE307588,generic_cosmx_counts_cells_clusters_tsv,GSE307588 prepared by generic CosMx TSV triple parser,"balanced labels, max_per_label applied; label_col=Cluster",3734,380,3713,380,16,62,D:\NicheTypeR_GEO_100_QUEUE\prepared\GEO_GSE307588_GENERIC_COSMX_TSV_EXPANDED\GEO_GSE307588_GENERIC_COSMX_TSV_EXPANDED_expanded_expression.tsv.gz,D:\NicheTypeR_GEO_100_QUEUE\prepared\GEO_GSE307588_GENERIC_COSMX_TSV_EXPANDED\GEO_GSE307588_GENERIC_COSMX_TSV_EXPANDED_expanded_metadata.tsv,cell_id,label,fov_group,x,y
GEO_GSE326743_GENERIC_XENIUM_EXPANDED,GSE326743,generic_xenium_matrix_annotation,GSE326743 prepared by generic Xenium matrix+annotation parser,"balanced labels, max_per_label applied; label_col=Level_4_Annotations",750744,9749,64284,1000,30,3,C:\Users\user\Documents\Codex\2026-07-23\si\outputs\datasets\geo100_prepared\GEO_GSE326743_GENERIC_XENIUM_EXPANDED\GEO_GSE326743_GENERIC_XENIUM_EXPANDED_expanded_expression.tsv.gz,C:\Users\user\Documents\Codex\2026-07-23\si\outputs\datasets\geo100_prepared\GEO_GSE326743_GENERIC_XENIUM_EXPANDED\GEO_GSE326743_GENERIC_XENIUM_EXPANDED_expanded_metadata.tsv,cell_id,label,fov_group,x,y
GEO_GSE305393_GENERIC_COSMX_CSV_EXPANDED,GSE305393,generic_cosmx_csv_metadata_expression,GSE305393 prepared by generic CosMx CSV expression+metadata parser,"balanced labels, max_per_label applied; label_col=cell_type",94642,6524,19039,1000,21,73,C:\Users\user\Documents\Codex\2026-07-23\si\outputs\datasets\geo100_prepared\GEO_GSE305393_GENERIC_COSMX_CSV_EXPANDED\GEO_GSE305393_GENERIC_COSMX_CSV_EXPANDED_expanded_expression.tsv.gz,C:\Users\user\Documents\Codex\2026-07-23\si\outputs\datasets\geo100_prepared\GEO_GSE305393_GENERIC_COSMX_CSV_EXPANDED\GEO_GSE305393_GENERIC_COSMX_CSV_EXPANDED_expanded_metadata.tsv,cell_id,label,fov_group,x,y
GEO_GSE291308_GENERIC_CSV_PAIR_EXPANDED,GSE291308,generic_csv_expression_metadata_pair,GSE291308 prepared by generic CSV expression+metadata pair parser,"balanced labels, max_per_label applied; label_col=ct",126436,1000,17655,1000,8,53,C:\Users\user\Documents\Codex\2026-07-23\si\outputs\datasets\geo100_prepared\GEO_GSE291308_GENERIC_CSV_PAIR_EXPANDED\GEO_GSE291308_GENERIC_CSV_PAIR_EXPANDED_expanded_expression.tsv.gz,C:\Users\user\Documents\Codex\2026-07-23\si\outputs\datasets\geo100_prepared\GEO_GSE291308_GENERIC_CSV_PAIR_EXPANDED\GEO_GSE291308_GENERIC_CSV_PAIR_EXPANDED_expanded_metadata.tsv,cell_id,label,fov_group,x,y
GEO_GSE311681_GENERIC_XENIUM_EXPANDED,GSE311681,generic_xenium_matrix_annotation,GSE311681 prepared by generic Xenium matrix+annotation parser,"balanced labels, max_per_label applied; label_col=_resolved_label",100330,541,33574,541,25,36,C:\Users\user\Documents\Codex\2026-07-23\si\outputs\datasets\geo100_prepared\GEO_GSE311681_GENERIC_XENIUM_EXPANDED\GEO_GSE311681_GENERIC_XENIUM_EXPANDED_expanded_expression.tsv.gz,C:\Users\user\Documents\Codex\2026-07-23\si\outputs\datasets\geo100_prepared\GEO_GSE311681_GENERIC_XENIUM_EXPANDED\GEO_GSE311681_GENERIC_XENIUM_EXPANDED_expanded_metadata.tsv,cell_id,label,fov_group,x,y
GEO_GSE292268_GENERIC_COSMX_CSV_EXPANDED,GSE292268,generic_cosmx_csv_metadata_expression,GSE292268 prepared by generic CosMx CSV expression+metadata parser,"balanced labels, max_per_label applied; label_col=RNA_nbclust_ee1320c5.9f48.455c.b54e.1fbfd34347ab_1_clusters",107256,1207,28166,1000,16,127,C:\Users\user\Documents\Codex\2026-07-23\si\outputs\datasets\geo100_prepared\GEO_GSE292268_GENERIC_COSMX_CSV_EXPANDED\GEO_GSE292268_GENERIC_COSMX_CSV_EXPANDED_expanded_expression.tsv.gz,C:\Users\user\Documents\Codex\2026-07-23\si\outputs\datasets\geo100_prepared\GEO_GSE292268_GENERIC_COSMX_CSV_EXPANDED\GEO_GSE292268_GENERIC_COSMX_CSV_EXPANDED_expanded_metadata.tsv,cell_id,label,fov_group,x,y
GEO_GSE278766_GENERIC_COSMX_CSV_EXPANDED,GSE278766,generic_cosmx_csv_metadata_expression,GSE278766 prepared by generic CosMx CSV expression+metadata parser,"balanced labels, max_per_label applied; label_col=RNA_nbclust_9d7145a9.f10b.453d.960e.322d9aecddcb_1_clusters",283682,1207,32011,1000,13,205,C:\Users\user\Documents\Codex\2026-07-23\si\outputs\datasets\geo100_prepared\GEO_GSE278766_GENERIC_COSMX_CSV_EXPANDED\GEO_GSE278766_GENERIC_COSMX_CSV_EXPANDED_expanded_expression.tsv.gz,C:\Users\user\Documents\Codex\2026-07-23\si\outputs\datasets\geo100_prepared\GEO_GSE278766_GENERIC_COSMX_CSV_EXPANDED\GEO_GSE278766_GENERIC_COSMX_CSV_EXPANDED_expanded_metadata.tsv,cell_id,label,fov_group,x,y
GEO_GSE333479_H5AD_SIDECAR_EXPANDED,GSE333479,multi_h5ad_sidecar_annotation,GSE333479 prepared by multi-H5AD sidecar-annotation parser,"balanced labels, max_per_label applied; label_col=sidecar:annotation",77924,19632,20448,2000,14,5,D:\NicheTypeR_GEO_100_QUEUE\prepared\GEO_GSE333479_H5AD_SIDECAR_EXPANDED\GEO_GSE333479_H5AD_SIDECAR_EXPANDED_expanded_expression.tsv.gz,D:\NicheTypeR_GEO_100_QUEUE\prepared\GEO_GSE333479_H5AD_SIDECAR_EXPANDED\GEO_GSE333479_H5AD_SIDECAR_EXPANDED_expanded_metadata.tsv,cell_id,label,fov_group,x,y
GEO_GSE279181_H5AD_COMPOSITION_EXPANDED,GSE279181,multi_h5ad_composition_argmax,GSE279181 prepared by multi-H5AD composition-argmax parser,"balanced labels, max_per_label applied; label_col=obsm:argmax(ctype_props)",67851,13905,11677,2000,9,18,D:\NicheTypeR_GEO_100_QUEUE\prepared\GEO_GSE279181_H5AD_COMPOSITION_EXPANDED\GEO_GSE279181_H5AD_COMPOSITION_EXPANDED_expanded_expression.tsv.gz,D:\NicheTypeR_GEO_100_QUEUE\prepared\GEO_GSE279181_H5AD_COMPOSITION_EXPANDED\GEO_GSE279181_H5AD_COMPOSITION_EXPANDED_expanded_metadata.tsv,cell_id,label,fov_group,x,y
GEO_GSE280376_GENERIC_XENIUM_EXPANDED,GSE280376,generic_xenium_matrix_annotation,GSE280376 prepared by generic Xenium matrix+annotation parser,"balanced labels, max_per_label applied; label_col=_resolved_label",225696,540,92321,540,65,7,D:\NicheTypeR_GEO_100_QUEUE\prepared\GEO_GSE280376_GENERIC_XENIUM_EXPANDED\GEO_GSE280376_GENERIC_XENIUM_EXPANDED_expanded_expression.tsv.gz,D:\NicheTypeR_GEO_100_QUEUE\prepared\GEO_GSE280376_GENERIC_XENIUM_EXPANDED\GEO_GSE280376_GENERIC_XENIUM_EXPANDED_expanded_metadata.tsv,cell_id,label,fov_group,x,y
GEO_GSE308167_H5AD_INTERNAL_LABEL_EXPANDED,GSE308167,multi_h5ad_internal_label,GSE308167 prepared by multi-H5AD internal-label parser,"balanced labels, max_per_label applied; label_col=obs:cell_type",20774,9188,11775,2000,11,3,D:\NicheTypeR_GEO_100_QUEUE\prepared\GEO_GSE308167_H5AD_INTERNAL_LABEL_EXPANDED\GEO_GSE308167_H5AD_INTERNAL_LABEL_EXPANDED_expanded_expression.tsv.gz,D:\NicheTypeR_GEO_100_QUEUE\prepared\GEO_GSE308167_H5AD_INTERNAL_LABEL_EXPANDED\GEO_GSE308167_H5AD_INTERNAL_LABEL_EXPANDED_expanded_metadata.tsv,cell_id,label,fov_group,x,y
GEO_GSE308952_H5AD_INTERNAL_LABEL_EXPANDED,GSE308952,multi_h5ad_internal_label,GSE308952 prepared by multi-H5AD internal-label parser,"balanced labels, max_per_label applied; label_col=obs:manual_anno",3720,14761,3720,2000,7,28,D:\NicheTypeR_GEO_100_QUEUE\prepared\GEO_GSE308952_H5AD_INTERNAL_LABEL_EXPANDED\GEO_GSE308952_H5AD_INTERNAL_LABEL_EXPANDED_expanded_expression.tsv.gz,D:\NicheTypeR_GEO_100_QUEUE\prepared\GEO_GSE308952_H5AD_INTERNAL_LABEL_EXPANDED\GEO_GSE308952_H5AD_INTERNAL_LABEL_EXPANDED_expanded_metadata.tsv,cell_id,label,fov_group,x,y
GEO_GSE336633_H5AD_INTERNAL_LABEL_EXPANDED,GSE336633,multi_h5ad_internal_label,GSE336633 prepared by multi-H5AD internal-label parser,"balanced labels, max_per_label applied; label_col=obs:predicted_labels",388407,9115,75580,2000,34,3,D:\NicheTypeR_GEO_100_QUEUE\prepared\GEO_GSE336633_H5AD_INTERNAL_LABEL_EXPANDED\GEO_GSE336633_H5AD_INTERNAL_LABEL_EXPANDED_expanded_expression.tsv.gz,D:\NicheTypeR_GEO_100_QUEUE\prepared\GEO_GSE336633_H5AD_INTERNAL_LABEL_EXPANDED\GEO_GSE336633_H5AD_INTERNAL_LABEL_EXPANDED_expanded_metadata.tsv,cell_id,label,fov_group,x,y
