dataset_id,model,n,accuracy,macro_f1,mean_confidence,mean_margin,conflict_rate,mean_elapsed_sec_per_fold,implementation,mean_n_features
GEO_GSE240015_VISIUM_THYMUS_DOMAIN,seurat_label_transfer,3910,0.6109974425,0.5146462362,0.6241538712,0.4115906116,0.1393861893,3.966,official_package,
GEO_GSE284005_MERSCOPE_MS,seurat_label_transfer,9393,0.4314915363,0.4228838108,0.4859865973,0.2691885413,0.3223677206,4.994,official_package,
GEO_GSE327581_COSMX_AD_BRAIN,seurat_label_transfer,5500,0.4936363636,0.4743178788,0.4631400256,0.2544591806,0.3123636364,4.148,official_package,
GSE202623_LESION,seurat_label_transfer,2485,0.9271629779,0.7347241023,0.9175391804,0.8532970322,0.0132796781,2.12,official_package,
SQUIDPY_MERFISH,seurat_label_transfer,4030,0.752853598,0.7483405169,0.7142774967,0.5353249138,0.099751861,2.466,official_package,
SQUIDPY_SEQFISH,seurat_label_transfer,5389,0.671738727,0.5908555281,0.6723217315,0.5033173489,0.1187604379,3.122,official_package,
SQUIDPY_SLIDESEQV2,seurat_label_transfer,2800,0.3646428571,0.3503173931,0.3999514929,0.2293277475,0.4328571429,2.824,official_package,
SQUIDPY_VISIUM_FLUO,seurat_label_transfer,2753,0.846349437,0.8339335647,0.814548372,0.6749894,0.0526698147,3.854,official_package,
SQUIDPY_VISIUM_HNE,seurat_label_transfer,2688,0.8567708333,0.8482390842,0.7935878759,0.6340356344,0.0543154762,3.36,official_package,
GSE202623_LESION,singler_style_spearman,2485,0.6607645875251509,0.5142332726565683,0.1686323237122053,0.02150051093191854,0.9923541247484909,0.010581140000067536,algorithmic_proxy,287.0
GSE202623_LESION,scmap_style_knn,2485,0.8422535211267606,0.6801947803852788,0.25402374054021754,0.1390698303249552,0.14527162977867203,0.022294580000198037,algorithmic_proxy,287.0
GSE202623_LESION,celltypist_style_logistic,2485,0.9162977867203219,0.8263356008437102,0.2656714323194215,0.15652113076678953,0.08531187122736418,0.08171870000005584,algorithmic_proxy,287.0
SQUIDPY_SEQFISH,singler_style_spearman,5389,0.45685655965856375,0.44682722604652186,0.06220524184530314,0.005443049870096272,1.0,0.03846865999985312,algorithmic_proxy,351.0
SQUIDPY_SEQFISH,scmap_style_knn,5389,0.5776581926145853,0.513285629699023,0.0809626024324911,0.02823072700450754,1.0,0.1161941599999409,algorithmic_proxy,351.0
SQUIDPY_SEQFISH,celltypist_style_logistic,5389,0.693264056411208,0.6457709315449612,0.10678251951534837,0.05797685912348765,1.0,0.4492443799999819,algorithmic_proxy,351.0
SQUIDPY_MERFISH,singler_style_spearman,4030,0.6384615384615384,0.5814441518733319,0.09703927543316575,0.008167253259139985,1.0,0.019171659999847178,algorithmic_proxy,161.0
SQUIDPY_MERFISH,scmap_style_knn,4030,0.8330024813895781,0.7576966787445638,0.13927033649134266,0.07024134630152644,0.5181141439205955,0.07615031999994244,algorithmic_proxy,161.0
SQUIDPY_MERFISH,celltypist_style_logistic,4030,0.8866004962779156,0.870648558125426,0.1528042971871273,0.08889380659825183,0.20074441687344913,0.19436468000003515,algorithmic_proxy,161.0
SQUIDPY_SLIDESEQV2,singler_style_spearman,2800,0.17642857142857143,0.14836214052888258,0.08758979840430911,0.004100584389829881,1.0,0.04119994000011502,algorithmic_proxy,750.0
SQUIDPY_SLIDESEQV2,scmap_style_knn,2800,0.3032142857142857,0.28796424528829573,0.09827087946938572,0.01870727637507709,0.9421428571428572,0.07730652000027476,algorithmic_proxy,750.0
SQUIDPY_SLIDESEQV2,celltypist_style_logistic,2800,0.3078571428571429,0.31149336724984067,0.13934236643827178,0.06364944296361467,0.5735714285714286,0.39846880000004603,algorithmic_proxy,750.0
SQUIDPY_VISIUM_FLUO,singler_style_spearman,2753,0.7769705775517617,0.7620583101145862,0.08500154776800307,0.005433352117322383,1.0,0.04834180000016204,algorithmic_proxy,750.0
SQUIDPY_VISIUM_FLUO,scmap_style_knn,2753,0.6360334180893571,0.5508224047894015,0.12530909681817404,0.0510065489909048,0.7261169633127498,0.06948519999987184,algorithmic_proxy,750.0
SQUIDPY_VISIUM_FLUO,celltypist_style_logistic,2753,0.7947693425354159,0.7436183187395256,0.14548950674649155,0.07838374491573424,0.35016345804576826,0.1830255599998054,algorithmic_proxy,750.0
SQUIDPY_VISIUM_HNE,singler_style_spearman,2688,0.7723214285714286,0.7544923802269176,0.09270546602002401,0.007653720983644575,1.0,0.05247183999981644,algorithmic_proxy,750.0
SQUIDPY_VISIUM_HNE,scmap_style_knn,2688,0.6752232142857143,0.6510564454285649,0.12711677100486385,0.052534592703104815,0.7157738095238095,0.07379998000014894,algorithmic_proxy,750.0
SQUIDPY_VISIUM_HNE,celltypist_style_logistic,2688,0.8511904761904762,0.852454808346744,0.14793029296685206,0.08146747110937612,0.30431547619047616,0.22985337999998592,algorithmic_proxy,750.0
GEO_GSE240015_VISIUM_THYMUS_DOMAIN,singler_style_spearman,3910,0.42071611253196933,0.3447483808551937,0.09830653251525145,0.010916378587391936,1.0,0.057981999999901744,algorithmic_proxy,750.0
GEO_GSE240015_VISIUM_THYMUS_DOMAIN,scmap_style_knn,3910,0.37468030690537085,0.2813138590063383,0.13701609490182587,0.052233084362147866,0.6892583120204604,0.11463646000011067,algorithmic_proxy,750.0
GEO_GSE240015_VISIUM_THYMUS_DOMAIN,celltypist_style_logistic,3910,0.6053708439897698,0.5025029450971382,0.16238182503472104,0.08457489920095598,0.35754475703324806,0.40496845999969083,algorithmic_proxy,750.0
GEO_GSE284005_MERSCOPE_MS,singler_style_spearman,9393,0.17885659533695306,0.15720338482723722,0.03613257401299536,0.0015121288227461275,1.0,0.11115621999979339,algorithmic_proxy,500.0
GEO_GSE284005_MERSCOPE_MS,scmap_style_knn,9393,0.4028531885446609,0.40787274929775336,0.03870950151597023,0.007560384150579014,1.0,0.4149283000000651,algorithmic_proxy,500.0
GEO_GSE284005_MERSCOPE_MS,celltypist_style_logistic,9393,0.6378153944426701,0.6420292140411376,0.05744263237408153,0.028996823159209928,1.0,2.8801675200000316,algorithmic_proxy,500.0
GEO_GSE327581_COSMX_AD_BRAIN,singler_style_spearman,5500,0.3058181818181818,0.3612912877017578,0.028468088064730224,0.0009003219121502892,1.0,0.12949378000012074,algorithmic_proxy,750.0
GEO_GSE327581_COSMX_AD_BRAIN,scmap_style_knn,5500,0.2647272727272727,0.28136080289618226,0.02504354167205938,0.0039160353537764465,1.0,0.21084226000002673,algorithmic_proxy,750.0
GEO_GSE327581_COSMX_AD_BRAIN,celltypist_style_logistic,5500,0.4350909090909091,0.4483341231466429,0.03591069329053356,0.015775809782545506,1.0,5.318561880000561,algorithmic_proxy,750.0
GEO_GSE333737_MERSCOPE_PANCREAS_VASCULAR,singler_style_spearman,2400,0.6158333333333333,0.5777168881238282,0.29419011976669035,0.03180500931574725,0.9358333333333333,0.010522979999768723,algorithmic_proxy,300.0
GEO_GSE333737_MERSCOPE_PANCREAS_VASCULAR,scmap_style_knn,2400,0.71625,0.7064388926568151,0.3649052027022266,0.1285780481647278,0.40166666666666667,0.04002203999989433,algorithmic_proxy,300.0
GEO_GSE333737_MERSCOPE_PANCREAS_VASCULAR,celltypist_style_logistic,2400,0.7320833333333333,0.7311481310744805,0.44978085400497775,0.25690485076092956,0.06666666666666667,0.07791842000006,algorithmic_proxy,300.0
