dataset_id,fold,model,status,reason
GSE202623_LESION,1.0,singler_style_spearman,completed,n=367; elapsed=0.01 sec
GSE202623_LESION,1.0,scmap_style_knn,completed,n=367; elapsed=0.02 sec
GSE202623_LESION,1.0,celltypist_style_logistic,completed,n=367; elapsed=0.09 sec
GSE202623_LESION,2.0,singler_style_spearman,completed,n=529; elapsed=0.01 sec
GSE202623_LESION,2.0,scmap_style_knn,completed,n=529; elapsed=0.02 sec
GSE202623_LESION,2.0,celltypist_style_logistic,completed,n=529; elapsed=0.09 sec
GSE202623_LESION,3.0,singler_style_spearman,completed,n=574; elapsed=0.01 sec
GSE202623_LESION,3.0,scmap_style_knn,completed,n=574; elapsed=0.02 sec
GSE202623_LESION,3.0,celltypist_style_logistic,completed,n=574; elapsed=0.08 sec
GSE202623_LESION,4.0,singler_style_spearman,completed,n=478; elapsed=0.01 sec
GSE202623_LESION,4.0,scmap_style_knn,completed,n=478; elapsed=0.02 sec
GSE202623_LESION,4.0,celltypist_style_logistic,completed,n=478; elapsed=0.07 sec
GSE202623_LESION,5.0,singler_style_spearman,completed,n=537; elapsed=0.01 sec
GSE202623_LESION,5.0,scmap_style_knn,completed,n=537; elapsed=0.02 sec
GSE202623_LESION,5.0,celltypist_style_logistic,completed,n=537; elapsed=0.07 sec
SQUIDPY_SEQFISH,1.0,singler_style_spearman,completed,n=1137; elapsed=0.03 sec
SQUIDPY_SEQFISH,1.0,scmap_style_knn,completed,n=1137; elapsed=0.08 sec
SQUIDPY_SEQFISH,1.0,celltypist_style_logistic,completed,n=1137; elapsed=0.26 sec
SQUIDPY_SEQFISH,2.0,singler_style_spearman,completed,n=927; elapsed=0.03 sec
SQUIDPY_SEQFISH,2.0,scmap_style_knn,completed,n=927; elapsed=0.07 sec
SQUIDPY_SEQFISH,2.0,celltypist_style_logistic,completed,n=927; elapsed=0.34 sec
SQUIDPY_SEQFISH,3.0,singler_style_spearman,completed,n=1279; elapsed=0.05 sec
SQUIDPY_SEQFISH,3.0,scmap_style_knn,completed,n=1279; elapsed=0.16 sec
SQUIDPY_SEQFISH,3.0,celltypist_style_logistic,completed,n=1279; elapsed=0.53 sec
SQUIDPY_SEQFISH,4.0,singler_style_spearman,completed,n=921; elapsed=0.04 sec
SQUIDPY_SEQFISH,4.0,scmap_style_knn,completed,n=921; elapsed=0.13 sec
SQUIDPY_SEQFISH,4.0,celltypist_style_logistic,completed,n=921; elapsed=0.53 sec
SQUIDPY_SEQFISH,5.0,singler_style_spearman,completed,n=1125; elapsed=0.04 sec
SQUIDPY_SEQFISH,5.0,scmap_style_knn,completed,n=1125; elapsed=0.14 sec
SQUIDPY_SEQFISH,5.0,celltypist_style_logistic,completed,n=1125; elapsed=0.59 sec
SQUIDPY_MERFISH,1.0,singler_style_spearman,completed,n=730; elapsed=0.02 sec
SQUIDPY_MERFISH,1.0,scmap_style_knn,completed,n=730; elapsed=0.07 sec
SQUIDPY_MERFISH,1.0,celltypist_style_logistic,completed,n=730; elapsed=0.22 sec
SQUIDPY_MERFISH,2.0,singler_style_spearman,completed,n=626; elapsed=0.02 sec
SQUIDPY_MERFISH,2.0,scmap_style_knn,completed,n=626; elapsed=0.06 sec
SQUIDPY_MERFISH,2.0,celltypist_style_logistic,completed,n=626; elapsed=0.21 sec
SQUIDPY_MERFISH,3.0,singler_style_spearman,completed,n=623; elapsed=0.02 sec
SQUIDPY_MERFISH,3.0,scmap_style_knn,completed,n=623; elapsed=0.06 sec
SQUIDPY_MERFISH,3.0,celltypist_style_logistic,completed,n=623; elapsed=0.20 sec
SQUIDPY_MERFISH,4.0,singler_style_spearman,completed,n=1044; elapsed=0.02 sec
SQUIDPY_MERFISH,4.0,scmap_style_knn,completed,n=1044; elapsed=0.09 sec
SQUIDPY_MERFISH,4.0,celltypist_style_logistic,completed,n=1044; elapsed=0.17 sec
SQUIDPY_MERFISH,5.0,singler_style_spearman,completed,n=1007; elapsed=0.02 sec
SQUIDPY_MERFISH,5.0,scmap_style_knn,completed,n=1007; elapsed=0.09 sec
SQUIDPY_MERFISH,5.0,celltypist_style_logistic,completed,n=1007; elapsed=0.17 sec
SQUIDPY_SLIDESEQV2,1.0,singler_style_spearman,completed,n=497; elapsed=0.04 sec
SQUIDPY_SLIDESEQV2,1.0,scmap_style_knn,completed,n=497; elapsed=0.07 sec
SQUIDPY_SLIDESEQV2,1.0,celltypist_style_logistic,completed,n=497; elapsed=0.44 sec
SQUIDPY_SLIDESEQV2,2.0,singler_style_spearman,completed,n=616; elapsed=0.04 sec
SQUIDPY_SLIDESEQV2,2.0,scmap_style_knn,completed,n=616; elapsed=0.08 sec
SQUIDPY_SLIDESEQV2,2.0,celltypist_style_logistic,completed,n=616; elapsed=0.40 sec
SQUIDPY_SLIDESEQV2,3.0,singler_style_spearman,completed,n=493; elapsed=0.05 sec
SQUIDPY_SLIDESEQV2,3.0,scmap_style_knn,completed,n=493; elapsed=0.08 sec
SQUIDPY_SLIDESEQV2,3.0,celltypist_style_logistic,completed,n=493; elapsed=0.41 sec
SQUIDPY_SLIDESEQV2,4.0,singler_style_spearman,completed,n=520; elapsed=0.04 sec
SQUIDPY_SLIDESEQV2,4.0,scmap_style_knn,completed,n=520; elapsed=0.08 sec
SQUIDPY_SLIDESEQV2,4.0,celltypist_style_logistic,completed,n=520; elapsed=0.41 sec
SQUIDPY_SLIDESEQV2,5.0,singler_style_spearman,completed,n=674; elapsed=0.04 sec
SQUIDPY_SLIDESEQV2,5.0,scmap_style_knn,completed,n=674; elapsed=0.08 sec
SQUIDPY_SLIDESEQV2,5.0,celltypist_style_logistic,completed,n=674; elapsed=0.34 sec
SQUIDPY_MIBITOF,,all_proxy_models,skipped,non-RNA modality: spatial_proteomics_single_cell
SQUIDPY_VISIUM_FLUO,1.0,singler_style_spearman,completed,n=548; elapsed=0.05 sec
SQUIDPY_VISIUM_FLUO,1.0,scmap_style_knn,completed,n=548; elapsed=0.07 sec
SQUIDPY_VISIUM_FLUO,1.0,celltypist_style_logistic,completed,n=548; elapsed=0.16 sec
SQUIDPY_VISIUM_FLUO,2.0,singler_style_spearman,completed,n=547; elapsed=0.05 sec
SQUIDPY_VISIUM_FLUO,2.0,scmap_style_knn,completed,n=547; elapsed=0.07 sec
SQUIDPY_VISIUM_FLUO,2.0,celltypist_style_logistic,completed,n=547; elapsed=0.20 sec
SQUIDPY_VISIUM_FLUO,3.0,singler_style_spearman,completed,n=515; elapsed=0.05 sec
SQUIDPY_VISIUM_FLUO,3.0,scmap_style_knn,completed,n=515; elapsed=0.07 sec
SQUIDPY_VISIUM_FLUO,3.0,celltypist_style_logistic,completed,n=515; elapsed=0.13 sec
SQUIDPY_VISIUM_FLUO,4.0,singler_style_spearman,completed,n=576; elapsed=0.05 sec
SQUIDPY_VISIUM_FLUO,4.0,scmap_style_knn,completed,n=576; elapsed=0.07 sec
SQUIDPY_VISIUM_FLUO,4.0,celltypist_style_logistic,completed,n=576; elapsed=0.19 sec
SQUIDPY_VISIUM_FLUO,5.0,singler_style_spearman,completed,n=567; elapsed=0.05 sec
SQUIDPY_VISIUM_FLUO,5.0,scmap_style_knn,completed,n=567; elapsed=0.07 sec
SQUIDPY_VISIUM_FLUO,5.0,celltypist_style_logistic,completed,n=567; elapsed=0.22 sec
SQUIDPY_VISIUM_HNE,1.0,singler_style_spearman,completed,n=582; elapsed=0.05 sec
SQUIDPY_VISIUM_HNE,1.0,scmap_style_knn,completed,n=582; elapsed=0.07 sec
SQUIDPY_VISIUM_HNE,1.0,celltypist_style_logistic,completed,n=582; elapsed=0.18 sec
SQUIDPY_VISIUM_HNE,2.0,singler_style_spearman,completed,n=563; elapsed=0.06 sec
SQUIDPY_VISIUM_HNE,2.0,scmap_style_knn,completed,n=563; elapsed=0.07 sec
SQUIDPY_VISIUM_HNE,2.0,celltypist_style_logistic,completed,n=563; elapsed=0.22 sec
SQUIDPY_VISIUM_HNE,3.0,singler_style_spearman,completed,n=527; elapsed=0.06 sec
SQUIDPY_VISIUM_HNE,3.0,scmap_style_knn,completed,n=527; elapsed=0.09 sec
SQUIDPY_VISIUM_HNE,3.0,celltypist_style_logistic,completed,n=527; elapsed=0.28 sec
SQUIDPY_VISIUM_HNE,4.0,singler_style_spearman,completed,n=534; elapsed=0.05 sec
SQUIDPY_VISIUM_HNE,4.0,scmap_style_knn,completed,n=534; elapsed=0.07 sec
SQUIDPY_VISIUM_HNE,4.0,celltypist_style_logistic,completed,n=534; elapsed=0.23 sec
SQUIDPY_VISIUM_HNE,5.0,singler_style_spearman,completed,n=482; elapsed=0.05 sec
SQUIDPY_VISIUM_HNE,5.0,scmap_style_knn,completed,n=482; elapsed=0.06 sec
SQUIDPY_VISIUM_HNE,5.0,celltypist_style_logistic,completed,n=482; elapsed=0.24 sec
SQUIDPY_IMC,,all_proxy_models,skipped,non-RNA modality: spatial_proteomics_single_cell
GEO_GSE240015_VISIUM_THYMUS_DOMAIN,1.0,singler_style_spearman,completed,n=1131; elapsed=0.07 sec
GEO_GSE240015_VISIUM_THYMUS_DOMAIN,1.0,scmap_style_knn,completed,n=1131; elapsed=0.14 sec
GEO_GSE240015_VISIUM_THYMUS_DOMAIN,1.0,celltypist_style_logistic,completed,n=1131; elapsed=0.27 sec
GEO_GSE240015_VISIUM_THYMUS_DOMAIN,2.0,singler_style_spearman,completed,n=906; elapsed=0.06 sec
GEO_GSE240015_VISIUM_THYMUS_DOMAIN,2.0,scmap_style_knn,completed,n=906; elapsed=0.13 sec
GEO_GSE240015_VISIUM_THYMUS_DOMAIN,2.0,celltypist_style_logistic,completed,n=906; elapsed=0.42 sec
GEO_GSE240015_VISIUM_THYMUS_DOMAIN,3.0,singler_style_spearman,completed,n=410; elapsed=0.04 sec
GEO_GSE240015_VISIUM_THYMUS_DOMAIN,3.0,scmap_style_knn,completed,n=410; elapsed=0.08 sec
GEO_GSE240015_VISIUM_THYMUS_DOMAIN,3.0,celltypist_style_logistic,completed,n=410; elapsed=0.55 sec
GEO_GSE240015_VISIUM_THYMUS_DOMAIN,4.0,singler_style_spearman,completed,n=878; elapsed=0.06 sec
GEO_GSE240015_VISIUM_THYMUS_DOMAIN,4.0,scmap_style_knn,completed,n=878; elapsed=0.12 sec
GEO_GSE240015_VISIUM_THYMUS_DOMAIN,4.0,celltypist_style_logistic,completed,n=878; elapsed=0.36 sec
GEO_GSE240015_VISIUM_THYMUS_DOMAIN,5.0,singler_style_spearman,completed,n=585; elapsed=0.05 sec
GEO_GSE240015_VISIUM_THYMUS_DOMAIN,5.0,scmap_style_knn,completed,n=585; elapsed=0.10 sec
GEO_GSE240015_VISIUM_THYMUS_DOMAIN,5.0,celltypist_style_logistic,completed,n=585; elapsed=0.43 sec
GEO_GSE284005_MERSCOPE_MS,1.0,singler_style_spearman,completed,n=2469; elapsed=0.12 sec
GEO_GSE284005_MERSCOPE_MS,1.0,scmap_style_knn,completed,n=2469; elapsed=0.52 sec
GEO_GSE284005_MERSCOPE_MS,1.0,celltypist_style_logistic,completed,n=2469; elapsed=2.50 sec
GEO_GSE284005_MERSCOPE_MS,2.0,singler_style_spearman,completed,n=1603; elapsed=0.10 sec
GEO_GSE284005_MERSCOPE_MS,2.0,scmap_style_knn,completed,n=1603; elapsed=0.36 sec
GEO_GSE284005_MERSCOPE_MS,2.0,celltypist_style_logistic,completed,n=1603; elapsed=2.76 sec
GEO_GSE284005_MERSCOPE_MS,3.0,singler_style_spearman,completed,n=1984; elapsed=0.11 sec
GEO_GSE284005_MERSCOPE_MS,3.0,scmap_style_knn,completed,n=1984; elapsed=0.41 sec
GEO_GSE284005_MERSCOPE_MS,3.0,celltypist_style_logistic,completed,n=1984; elapsed=3.21 sec
GEO_GSE284005_MERSCOPE_MS,4.0,singler_style_spearman,completed,n=1605; elapsed=0.10 sec
GEO_GSE284005_MERSCOPE_MS,4.0,scmap_style_knn,completed,n=1605; elapsed=0.36 sec
GEO_GSE284005_MERSCOPE_MS,4.0,celltypist_style_logistic,completed,n=1605; elapsed=3.13 sec
GEO_GSE284005_MERSCOPE_MS,5.0,singler_style_spearman,completed,n=1732; elapsed=0.11 sec
GEO_GSE284005_MERSCOPE_MS,5.0,scmap_style_knn,completed,n=1732; elapsed=0.42 sec
GEO_GSE284005_MERSCOPE_MS,5.0,celltypist_style_logistic,completed,n=1732; elapsed=2.80 sec
GEO_GSE327581_COSMX_AD_BRAIN,1.0,singler_style_spearman,completed,n=839; elapsed=0.12 sec
GEO_GSE327581_COSMX_AD_BRAIN,1.0,scmap_style_knn,completed,n=839; elapsed=0.17 sec
GEO_GSE327581_COSMX_AD_BRAIN,1.0,celltypist_style_logistic,completed,n=839; elapsed=5.36 sec
GEO_GSE327581_COSMX_AD_BRAIN,2.0,singler_style_spearman,completed,n=875; elapsed=0.14 sec
GEO_GSE327581_COSMX_AD_BRAIN,2.0,scmap_style_knn,completed,n=875; elapsed=0.18 sec
GEO_GSE327581_COSMX_AD_BRAIN,2.0,celltypist_style_logistic,completed,n=875; elapsed=5.65 sec
GEO_GSE327581_COSMX_AD_BRAIN,3.0,singler_style_spearman,completed,n=718; elapsed=0.11 sec
GEO_GSE327581_COSMX_AD_BRAIN,3.0,scmap_style_knn,completed,n=718; elapsed=0.16 sec
GEO_GSE327581_COSMX_AD_BRAIN,3.0,celltypist_style_logistic,completed,n=718; elapsed=5.45 sec
GEO_GSE327581_COSMX_AD_BRAIN,4.0,singler_style_spearman,completed,n=1583; elapsed=0.14 sec
GEO_GSE327581_COSMX_AD_BRAIN,4.0,scmap_style_knn,completed,n=1583; elapsed=0.27 sec
GEO_GSE327581_COSMX_AD_BRAIN,4.0,celltypist_style_logistic,completed,n=1583; elapsed=5.07 sec
GEO_GSE327581_COSMX_AD_BRAIN,5.0,singler_style_spearman,completed,n=1485; elapsed=0.14 sec
GEO_GSE327581_COSMX_AD_BRAIN,5.0,scmap_style_knn,completed,n=1485; elapsed=0.27 sec
GEO_GSE327581_COSMX_AD_BRAIN,5.0,celltypist_style_logistic,completed,n=1485; elapsed=5.07 sec
GEO_GSE333737_MERSCOPE_PANCREAS_VASCULAR,1.0,singler_style_spearman,completed,n=335; elapsed=0.01 sec
GEO_GSE333737_MERSCOPE_PANCREAS_VASCULAR,1.0,scmap_style_knn,completed,n=335; elapsed=0.03 sec
GEO_GSE333737_MERSCOPE_PANCREAS_VASCULAR,1.0,celltypist_style_logistic,completed,n=335; elapsed=0.09 sec
GEO_GSE333737_MERSCOPE_PANCREAS_VASCULAR,2.0,singler_style_spearman,completed,n=453; elapsed=0.01 sec
GEO_GSE333737_MERSCOPE_PANCREAS_VASCULAR,2.0,scmap_style_knn,completed,n=453; elapsed=0.04 sec
GEO_GSE333737_MERSCOPE_PANCREAS_VASCULAR,2.0,celltypist_style_logistic,completed,n=453; elapsed=0.08 sec
GEO_GSE333737_MERSCOPE_PANCREAS_VASCULAR,3.0,singler_style_spearman,completed,n=301; elapsed=0.01 sec
GEO_GSE333737_MERSCOPE_PANCREAS_VASCULAR,3.0,scmap_style_knn,completed,n=301; elapsed=0.03 sec
GEO_GSE333737_MERSCOPE_PANCREAS_VASCULAR,3.0,celltypist_style_logistic,completed,n=301; elapsed=0.08 sec
GEO_GSE333737_MERSCOPE_PANCREAS_VASCULAR,4.0,singler_style_spearman,completed,n=361; elapsed=0.01 sec
GEO_GSE333737_MERSCOPE_PANCREAS_VASCULAR,4.0,scmap_style_knn,completed,n=361; elapsed=0.03 sec
GEO_GSE333737_MERSCOPE_PANCREAS_VASCULAR,4.0,celltypist_style_logistic,completed,n=361; elapsed=0.08 sec
GEO_GSE333737_MERSCOPE_PANCREAS_VASCULAR,5.0,singler_style_spearman,completed,n=950; elapsed=0.01 sec
GEO_GSE333737_MERSCOPE_PANCREAS_VASCULAR,5.0,scmap_style_knn,completed,n=950; elapsed=0.07 sec
GEO_GSE333737_MERSCOPE_PANCREAS_VASCULAR,5.0,celltypist_style_logistic,completed,n=950; elapsed=0.06 sec
