unit,dataset_id,score,n_units,wrong_rate,auroc,auprc,top10_precision
call,GEO_GSE240015_VISIUM_THYMUS_DOMAIN,margin,43010,0.6235991629853522,0.6199221202730546,0.7018604416566923,0.7358753778191118
call,GEO_GSE284005_MERSCOPE_MS,margin,103323,0.5409153818607667,0.690665325812169,0.6963225370598418,0.7724765315010161
call,GEO_GSE327581_COSMX_AD_BRAIN,margin,60500,0.5455206611570248,0.731547233877577,0.7472913476191761,0.8393388429752067
call,GEO_GSE333737_MERSCOPE_PANCREAS_VASCULAR,margin,24000,0.24316666666666667,0.7412965039872041,0.44684560819530605,0.5304166666666666
call,GSE202623_LESION,margin,27335,0.30876166087433693,0.8394236169201461,0.6735921697691689,0.7571324067300659
call,SQUIDPY_IMC,margin,17440,0.6013761467889909,0.6177614270547785,0.6863542380018505,0.7253440366972477
call,SQUIDPY_MERFISH,margin,44330,0.23625084592826529,0.8154283135459547,0.5446443606738879,0.6377171215880894
call,SQUIDPY_MIBITOF,margin,20120,0.4536282306163022,0.7111265891077572,0.6277425063553747,0.687375745526839
call,SQUIDPY_SEQFISH,margin,59279,0.36083604649201234,0.7599252996230925,0.6009314642111856,0.6882591093117408
call,SQUIDPY_SLIDESEQV2,margin,30800,0.622987012987013,0.7419289687312464,0.7902745486465877,0.8383116883116883
call,SQUIDPY_VISIUM_FLUO,margin,30283,0.4031965128950236,0.7268564362212344,0.6005593491482434,0.6791020138659624
call,SQUIDPY_VISIUM_HNE,margin,29568,0.4074675324675325,0.6569976775735717,0.5444309292915515,0.617855935069327
call,GEO_GSE240015_VISIUM_THYMUS_DOMAIN,one_minus_confidence,43010,0.6235991629853522,0.6453455716461081,0.7277859356294394,0.782608695652174
call,GEO_GSE284005_MERSCOPE_MS,one_minus_confidence,103323,0.5409153818607667,0.651920202205292,0.6651618623732871,0.7453788831897803
call,GEO_GSE327581_COSMX_AD_BRAIN,one_minus_confidence,60500,0.5455206611570248,0.7157366519648811,0.742004036482078,0.8555371900826446
call,GEO_GSE333737_MERSCOPE_PANCREAS_VASCULAR,one_minus_confidence,24000,0.24316666666666667,0.7349964111162044,0.4645785100018727,0.55875
call,GSE202623_LESION,one_minus_confidence,27335,0.30876166087433693,0.8452292414177126,0.7173028272757387,0.8482077542062911
call,SQUIDPY_IMC,one_minus_confidence,17440,0.6013761467889909,0.6111533489092471,0.6910346263762831,0.7551605504587156
call,SQUIDPY_MERFISH,one_minus_confidence,44330,0.23625084592826529,0.7942251815781576,0.5129778663813436,0.585382359575908
call,SQUIDPY_MIBITOF,one_minus_confidence,20120,0.4536282306163022,0.7211985383369603,0.6549283588560944,0.742544731610338
call,SQUIDPY_SEQFISH,one_minus_confidence,59279,0.36083604649201234,0.7348476975712537,0.5901526576009957,0.6825236167341431
call,SQUIDPY_SLIDESEQV2,one_minus_confidence,30800,0.622987012987013,0.7514735848655554,0.7995890886448952,0.8519480519480519
call,SQUIDPY_VISIUM_FLUO,one_minus_confidence,30283,0.4031965128950236,0.7177125433557681,0.5884337647740459,0.6381644106965996
call,SQUIDPY_VISIUM_HNE,one_minus_confidence,29568,0.4074675324675325,0.6407381864285628,0.534148917438019,0.608725059181603
call,GEO_GSE240015_VISIUM_THYMUS_DOMAIN,baseline_logo,43010,0.6235991629853522,0.6397183010043808,0.7253551600282551,0.7856312485468495
call,GEO_GSE284005_MERSCOPE_MS,baseline_logo,103323,0.5409153818607667,0.6653651014841833,0.6762167186825091,0.7529275137907674
call,GEO_GSE327581_COSMX_AD_BRAIN,baseline_logo,60500,0.5455206611570248,0.7266749085121607,0.7500733099129863,0.8603305785123967
call,GEO_GSE333737_MERSCOPE_PANCREAS_VASCULAR,baseline_logo,24000,0.24316666666666667,0.7425303313697047,0.46576383401218135,0.56
call,GSE202623_LESION,baseline_logo,27335,0.30876166087433693,0.8487766329014547,0.7135820067068304,0.8284564740307242
call,SQUIDPY_IMC,baseline_logo,17440,0.6013761467889909,0.6204147827666932,0.6946723044462052,0.7465596330275229
call,SQUIDPY_MERFISH,baseline_logo,44330,0.23625084592826529,0.8107249448037557,0.5434221716358867,0.6250845928265283
call,SQUIDPY_MIBITOF,baseline_logo,20120,0.4536282306163022,0.7184212697242089,0.6498912023493103,0.7326043737574552
call,SQUIDPY_SEQFISH,baseline_logo,59279,0.36083604649201234,0.7505431943121768,0.6062527049888167,0.6934885290148448
call,SQUIDPY_SLIDESEQV2,baseline_logo,30800,0.622987012987013,0.7509904266150957,0.8000643964508479,0.8538961038961039
call,SQUIDPY_VISIUM_FLUO,baseline_logo,30283,0.4031965128950236,0.7260925898257831,0.5987898321958962,0.6579729283591944
call,SQUIDPY_VISIUM_HNE,baseline_logo,29568,0.4074675324675325,0.6508777982628087,0.5429432184284739,0.6144741291849848
call,GEO_GSE240015_VISIUM_THYMUS_DOMAIN,baseline_plus_conflicts,43010,0.6235991629853522,0.6375554824406063,0.716684220824032,0.7672634271099744
call,GEO_GSE284005_MERSCOPE_MS,baseline_plus_conflicts,103323,0.5409153818607667,0.6683920450812741,0.6746235901564247,0.7564114971450692
call,GEO_GSE327581_COSMX_AD_BRAIN,baseline_plus_conflicts,60500,0.5455206611570248,0.7249363814869144,0.7376786092581283,0.8383471074380165
call,GEO_GSE333737_MERSCOPE_PANCREAS_VASCULAR,baseline_plus_conflicts,24000,0.24316666666666667,0.7405179188353044,0.4526257011911331,0.5379166666666667
call,GSE202623_LESION,baseline_plus_conflicts,27335,0.30876166087433693,0.8449747168500406,0.6840400898809442,0.7907827359180688
call,SQUIDPY_IMC,baseline_plus_conflicts,17440,0.6013761467889909,0.618354754055048,0.68683851867064,0.7379587155963303
call,SQUIDPY_MERFISH,baseline_plus_conflicts,44330,0.23625084592826529,0.8128680314245444,0.5475720151322357,0.632979923302504
call,SQUIDPY_MIBITOF,baseline_plus_conflicts,20120,0.4536282306163022,0.7166111295004098,0.6419607850228898,0.7216699801192843
call,SQUIDPY_SEQFISH,baseline_plus_conflicts,59279,0.36083604649201234,0.7501214251599901,0.5947291018619829,0.6791497975708503
call,SQUIDPY_SLIDESEQV2,baseline_plus_conflicts,30800,0.622987012987013,0.7478858185565083,0.7934884133483631,0.8441558441558441
call,SQUIDPY_VISIUM_FLUO,baseline_plus_conflicts,30283,0.4031965128950236,0.7274553857993242,0.589865605768752,0.652030373060416
call,SQUIDPY_VISIUM_HNE,baseline_plus_conflicts,29568,0.4074675324675325,0.6452089591595567,0.5233928764312952,0.5874196821102469
call,GEO_GSE240015_VISIUM_THYMUS_DOMAIN,nonmargin_conflict_flag,43010,0.6235991629853522,0.5053633516279029,0.6262448142508505,0.6605440595210417
call,GEO_GSE284005_MERSCOPE_MS,nonmargin_conflict_flag,103323,0.5409153818607667,0.49776345372921366,0.539827379263785,0.5297590244846608
call,GEO_GSE327581_COSMX_AD_BRAIN,nonmargin_conflict_flag,60500,0.5455206611570248,0.4988290118121477,0.5449442577747431,0.5485950413223141
call,GEO_GSE333737_MERSCOPE_PANCREAS_VASCULAR,nonmargin_conflict_flag,24000,0.24316666666666667,0.5201408226532187,0.2513114731984192,0.24833333333333332
call,GSE202623_LESION,nonmargin_conflict_flag,27335,0.30876166087433693,0.519610917279202,0.31818044736218515,0.3427212874908559
call,SQUIDPY_IMC,nonmargin_conflict_flag,17440,0.6013761467889909,0.5060805422647529,0.6044353189680339,0.6295871559633027
call,SQUIDPY_MERFISH,nonmargin_conflict_flag,44330,0.23625084592826529,0.5208123349805606,0.24522119347209698,0.2700203022783668
call,SQUIDPY_MIBITOF,nonmargin_conflict_flag,20120,0.4536282306163022,0.5326027616147575,0.47252092149558167,0.5531809145129225
call,SQUIDPY_SEQFISH,nonmargin_conflict_flag,59279,0.36083604649201234,0.5146187756364334,0.3683645200539278,0.37365047233468285
call,SQUIDPY_SLIDESEQV2,nonmargin_conflict_flag,30800,0.622987012987013,0.5035863211383909,0.6247002470971645,0.6191558441558441
call,SQUIDPY_VISIUM_FLUO,nonmargin_conflict_flag,30283,0.4031965128950236,0.5337519559065511,0.4227913336652606,0.4843182568504457
call,SQUIDPY_VISIUM_HNE,nonmargin_conflict_flag,29568,0.4074675324675325,0.5254677636486019,0.4216899496059623,0.4660128508623605
unique_cell,GEO_GSE240015_VISIUM_THYMUS_DOMAIN,margin,3910,0.9189258312020461,0.7615227997657554,0.9672853465291663,0.9820971867007673
unique_cell,GEO_GSE284005_MERSCOPE_MS,margin,9393,0.8324284041307356,0.8341502055804183,0.9571695370062653,0.9904255319148936
unique_cell,GEO_GSE327581_COSMX_AD_BRAIN,margin,5500,0.8634545454545455,0.8097879741449527,0.9612803549732667,0.990909090909091
unique_cell,GEO_GSE333737_MERSCOPE_PANCREAS_VASCULAR,margin,2400,0.35333333333333333,0.8630244298288271,0.7790710136964711,0.9
unique_cell,GSE202623_LESION,margin,2485,0.5806841046277667,0.8780019499789173,0.9054590946065144,0.9839357429718876
unique_cell,SQUIDPY_IMC,margin,1744,0.7064220183486238,0.7671025263798701,0.8889464496252586,0.9714285714285714
unique_cell,SQUIDPY_MERFISH,margin,4030,0.4096774193548387,0.9188403782440183,0.8774879338392866,0.9478908188585607
unique_cell,SQUIDPY_MIBITOF,margin,2012,0.5944333996023857,0.8616589612433603,0.8924106698246,0.9405940594059405
unique_cell,SQUIDPY_SEQFISH,margin,5389,0.5774726294303211,0.8723188067102228,0.8979547560385769,0.9647495361781077
unique_cell,SQUIDPY_SLIDESEQV2,margin,2800,0.8257142857142857,0.8953624000226899,0.9707665063079521,0.9928571428571429
unique_cell,SQUIDPY_VISIUM_FLUO,margin,2753,0.6679985470395932,0.8708102943398741,0.9225098259943076,0.9710144927536232
unique_cell,SQUIDPY_VISIUM_HNE,margin,2688,0.6785714285714286,0.8151631792153995,0.8990115348351493,0.9739776951672863
unique_cell,GEO_GSE240015_VISIUM_THYMUS_DOMAIN,one_minus_confidence,3910,0.9189258312020461,0.7259374827148127,0.9662996663440014,0.9923273657289002
unique_cell,GEO_GSE284005_MERSCOPE_MS,one_minus_confidence,9393,0.8324284041307356,0.6647537609572877,0.9025685785572983,0.9659574468085106
unique_cell,GEO_GSE327581_COSMX_AD_BRAIN,one_minus_confidence,5500,0.8634545454545455,0.7363888227642852,0.9463485647258768,0.9927272727272727
unique_cell,GEO_GSE333737_MERSCOPE_PANCREAS_VASCULAR,one_minus_confidence,2400,0.35333333333333333,0.8288187183913636,0.7190049063752579,0.8541666666666666
unique_cell,GSE202623_LESION,one_minus_confidence,2485,0.5806841046277667,0.8361013456982747,0.8819871923161939,0.9959839357429718
unique_cell,SQUIDPY_IMC,one_minus_confidence,1744,0.7064220183486238,0.6632365437297079,0.8214018933746625,0.8914285714285715
unique_cell,SQUIDPY_MERFISH,one_minus_confidence,4030,0.4096774193548387,0.8634600299562419,0.783015345807153,0.8486352357320099
unique_cell,SQUIDPY_MIBITOF,one_minus_confidence,2012,0.5944333996023857,0.8344758262836907,0.8590742778024103,0.9306930693069307
unique_cell,SQUIDPY_SEQFISH,one_minus_confidence,5389,0.5774726294303211,0.767942360906483,0.8151294705023246,0.9387755102040817
unique_cell,SQUIDPY_SLIDESEQV2,one_minus_confidence,2800,0.8257142857142857,0.8593705683816439,0.9608920029191519,0.9892857142857143
unique_cell,SQUIDPY_VISIUM_FLUO,one_minus_confidence,2753,0.6679985470395932,0.7612898504681571,0.8541540685854784,0.9094202898550725
unique_cell,SQUIDPY_VISIUM_HNE,one_minus_confidence,2688,0.6785714285714286,0.7081505847953217,0.8275819829999531,0.9107806691449815
unique_cell,GEO_GSE240015_VISIUM_THYMUS_DOMAIN,baseline_logo,3910,0.9189258312020461,0.763087356154317,0.9717059405423059,0.9974424552429667
unique_cell,GEO_GSE284005_MERSCOPE_MS,baseline_logo,9393,0.8324284041307356,0.705701811620051,0.9154380080440612,0.973404255319149
unique_cell,GEO_GSE327581_COSMX_AD_BRAIN,baseline_logo,5500,0.8634545454545455,0.763658142060323,0.9516990227224043,0.9945454545454545
unique_cell,GEO_GSE333737_MERSCOPE_PANCREAS_VASCULAR,baseline_logo,2400,0.35333333333333333,0.8581364885236336,0.7690086264643808,0.8791666666666667
unique_cell,GSE202623_LESION,baseline_logo,2485,0.5806841046277667,0.861592731074497,0.8981443190807009,0.9919678714859438
unique_cell,SQUIDPY_IMC,baseline_logo,1744,0.7064220183486238,0.7165051745129869,0.8508708404000073,0.9371428571428572
unique_cell,SQUIDPY_MERFISH,baseline_logo,4030,0.4096774193548387,0.9016474914638968,0.841561695896226,0.9007444168734491
unique_cell,SQUIDPY_MIBITOF,baseline_logo,2012,0.5944333996023857,0.8554136746671913,0.88240404984897,0.9603960396039604
unique_cell,SQUIDPY_SEQFISH,baseline_logo,5389,0.5774726294303211,0.814339183722776,0.8509016328014885,0.9517625231910947
unique_cell,SQUIDPY_SLIDESEQV2,baseline_logo,2800,0.8257142857142857,0.8827491278575075,0.9678988944168213,0.9964285714285714
unique_cell,SQUIDPY_VISIUM_FLUO,baseline_logo,2753,0.6679985470395932,0.8133011590591882,0.8852050599512129,0.9637681159420289
unique_cell,SQUIDPY_VISIUM_HNE,baseline_logo,2688,0.6785714285714286,0.7457193693144899,0.8523065760249731,0.9256505576208178
unique_cell,GEO_GSE240015_VISIUM_THYMUS_DOMAIN,baseline_plus_conflicts,3910,0.9189258312020461,0.8300235034649392,0.9814208641410767,1.0
unique_cell,GEO_GSE284005_MERSCOPE_MS,baseline_plus_conflicts,9393,0.8324284041307356,0.7432178612908672,0.9238939976209352,0.9521276595744681
unique_cell,GEO_GSE327581_COSMX_AD_BRAIN,baseline_plus_conflicts,5500,0.8634545454545455,0.7945901569017684,0.9603291769486457,0.9981818181818182
unique_cell,GEO_GSE333737_MERSCOPE_PANCREAS_VASCULAR,baseline_plus_conflicts,2400,0.35333333333333333,0.8561480317545224,0.7736938452897569,0.8708333333333333
unique_cell,GSE202623_LESION,baseline_plus_conflicts,2485,0.5806841046277667,0.8710007807896485,0.8995065673682155,0.9839357429718876
unique_cell,SQUIDPY_IMC,baseline_plus_conflicts,1744,0.7064220183486238,0.7376534598214286,0.8683055152080903,0.9314285714285714
unique_cell,SQUIDPY_MERFISH,baseline_plus_conflicts,4030,0.4096774193548387,0.9160998633052331,0.8825065637677622,0.9727047146401985
unique_cell,SQUIDPY_MIBITOF,baseline_plus_conflicts,2012,0.5944333996023857,0.8627983802216538,0.9003241380887506,0.9900990099009901
unique_cell,SQUIDPY_SEQFISH,baseline_plus_conflicts,5389,0.5774726294303211,0.8438548895685365,0.8794073578120004,0.9721706864564007
unique_cell,SQUIDPY_SLIDESEQV2,baseline_plus_conflicts,2800,0.8257142857142857,0.8983360159396448,0.9730352879880558,0.9964285714285714
unique_cell,SQUIDPY_VISIUM_FLUO,baseline_plus_conflicts,2753,0.6679985470395932,0.8562545289693403,0.923913021283598,1.0
unique_cell,SQUIDPY_VISIUM_HNE,baseline_plus_conflicts,2688,0.6785714285714286,0.8235410575048734,0.9141146354824896,1.0
unique_cell,GEO_GSE240015_VISIUM_THYMUS_DOMAIN,nonmargin_conflict_flag,3910,0.9189258312020461,0.559586595386578,0.9279627336050458,0.9360613810741688
unique_cell,GEO_GSE284005_MERSCOPE_MS,nonmargin_conflict_flag,9393,0.8324284041307356,0.5331173307518436,0.8418497866623398,0.8595744680851064
unique_cell,GEO_GSE327581_COSMX_AD_BRAIN,nonmargin_conflict_flag,5500,0.8634545454545455,0.5489433755624213,0.8752150950684621,0.8327272727272728
unique_cell,GEO_GSE333737_MERSCOPE_PANCREAS_VASCULAR,nonmargin_conflict_flag,2400,0.35333333333333333,0.5134640634117875,0.3596006499418694,0.3375
unique_cell,GSE202623_LESION,nonmargin_conflict_flag,2485,0.5806841046277667,0.517440074061955,0.5893128765265235,0.6867469879518072
unique_cell,SQUIDPY_IMC,nonmargin_conflict_flag,1744,0.7064220183486238,0.537603997564935,0.7225952401324255,0.7942857142857143
unique_cell,SQUIDPY_MERFISH,nonmargin_conflict_flag,4030,0.4096774193548387,0.5333197631506654,0.42659508506933236,0.49627791563275436
unique_cell,SQUIDPY_MIBITOF,nonmargin_conflict_flag,2012,0.5944333996023857,0.5815217391304348,0.6368092729599135,0.5693069306930693
unique_cell,SQUIDPY_SEQFISH,nonmargin_conflict_flag,5389,0.5774726294303211,0.5578507072513443,0.6074909716309435,0.44155844155844154
unique_cell,SQUIDPY_SLIDESEQV2,nonmargin_conflict_flag,2800,0.8257142857142857,0.523388309036247,0.8325134031757321,0.8285714285714286
unique_cell,SQUIDPY_VISIUM_FLUO,nonmargin_conflict_flag,2753,0.6679985470395932,0.527767862136091,0.6805843079018123,0.6666666666666666
unique_cell,SQUIDPY_VISIUM_HNE,nonmargin_conflict_flag,2688,0.6785714285714286,0.494608918128655,0.6762290252827944,0.724907063197026
