unit,metric,score_a,score_b,n_datasets,delta_mean,ci_low,ci_high
call,auroc,baseline_logo,baseline_plus_conflicts,12,-0.0013540194360737168,-0.002706173061219318,4.8018285641707985e-06
call,auroc,margin,baseline_plus_conflicts,12,-0.0014997886981887403,-0.007279732448497413,0.004012349694214145
call,auprc,baseline_logo,baseline_plus_conflicts,12,-0.010293944357614826,-0.015316508715831548,-0.0059407359667402295
call,auprc,margin,baseline_plus_conflicts,12,-0.0014458310901704352,-0.008381643386678666,0.005184382057467341
call,top10_precision,baseline_logo,baseline_plus_conflicts,12,-0.013778362896175067,-0.0210164195296102,-0.00690096781491325
call,top10_precision,margin,baseline_plus_conflicts,12,0.003073356177525808,-0.008896747596898413,0.015350764743897478
unique_cell,auroc,baseline_logo,baseline_plus_conflicts,12,0.02930556829179984,0.017485035046349195,0.04267697275107529
unique_cell,auroc,margin,baseline_plus_conflicts,12,-0.009518781326820805,-0.029490896397972588,0.010128539719756462
unique_cell,auprc,baseline_logo,baseline_plus_conflicts,12,0.0202755254004854,0.010772053002905416,0.03062725921714827
unique_cell,auprc,margin,baseline_plus_conflicts,12,-0.003241837689786512,-0.011484415337922195,0.0041000320258107415
unique_cell,top10_precision,baseline_logo,baseline_plus_conflicts,12,0.016290860237773264,5.990004331378965e-05,0.03403039834299732
unique_cell,top10_precision,margin,baseline_plus_conflicts,12,0.004835853230863931,-0.011191169537658674,0.01914441290380887
