unit,score,n_units,n_datasets,wrong_rate,auroc,auprc,top10_precision
call,margin,489988,12,0.4590194045568463,0.7432528666442338,0.6745629373962534,0.755954203147003
call,one_minus_confidence,489988,12,0.4590194045568463,0.7306847569557318,0.6616940439295422,0.7156472581073083
call,baseline_logo,489988,12,0.4590194045568463,0.7377714990051439,0.6624251436558946,0.7154023551501051
call,baseline_plus_conflicts,489988,12,0.4590194045568463,0.7381053311536371,0.6591882788315635,0.7161166554419478
call,nonmargin_conflict_flag,489988,12,0.4590194045568463,0.49966068951738807,0.4588512922729411,0.4525602563317619
unique_cell,margin,45104,12,0.7010021284143313,0.8790067661952283,0.9371829569888597,0.9813788516958546
unique_cell,one_minus_confidence,45104,12,0.7010021284143313,0.8027224546261393,0.8882258967914403,0.9428064730658391
unique_cell,baseline_logo,45104,12,0.7010021284143313,0.8319948697602846,0.900546269698882,0.9441365550875638
unique_cell,baseline_plus_conflicts,45104,12,0.7010021284143313,0.8594103516069362,0.9258547335607614,0.9862558191088451
unique_cell,nonmargin_conflict_flag,45104,12,0.7010021284143313,0.4924050554480317,0.6978382211703522,0.8922633562403015
