scale,support_bin,n_label_tasks,learned_improved_tasks,learned_harmed_tasks,learned_guardrail_tasks,context_guardrail_tasks,median_learned_delta_vs_marker,median_context_delta_vs_marker
expanded,1-25,5,0,1,0,0,-0.0003525652796650021,-0.0009378297057559999
expanded,101-500,280,87,48,28,7,0.0027252109984815254,0.0
expanded,26-100,106,25,13,7,2,0.0005900988956382023,0.0
expanded,501-1000,325,97,33,38,5,0.0024455138424503003,0.00032247437751398156
expanded,>1000,350,86,38,21,4,0.002010484286948902,0.0005592212372485389
preview,101-500,132,39,22,16,5,0.0006476408740557354,0.0023779380972861197
preview,26-100,76,35,21,28,6,0.0089747978120071,0.002683215994681562
preview,501-1000,8,2,1,1,0,-0.0005279149077685313,0.00112418143256926
preview,>1000,1,1,0,0,0,0.017326942762483033,0.006065417569376064
