dataset_id,marker_macro_f1,learned_macro_f1,learned_random_macro_f1,learned_permuted_macro_f1,learned_specific_macro_f1_delta,learned_specific_accuracy_delta,learned_passes_guardrail,context_specific_macro_f1,context_specific_accuracy,context_specific_macro_f1_delta,context_specific_accuracy_delta,context_specific_passes_guardrail,smoothing_macro_f1,smoothing_random_macro_f1,smoothing_specific_macro_f1_delta,smoothing_specific_accuracy_delta,smoothing_passes_guardrail,min_macro_f1_delta,interpretation
GSE202623_LESION,0.5857382301519123,0.5968373707308672,0.585501228637618,0.5869752572126936,0.009862113518173565,0.006438631790744442,True,0.5910839841880077,0.7082494969818913,-0.005753386542859507,-0.008853118712273678,False,0.5855173133802296,0.5866295316537751,-0.0011122182735454622,-0.0016096579476860828,False,0.005,learned neighborhood beats marker and null controls
SQUIDPY_SEQFISH,0.5941265951803342,0.6060231956820887,0.5968126993694403,0.5962393797151753,0.009210496312648475,0.008350343291890883,True,0.5986077788754386,0.6522545926888106,-0.007415416806650144,-0.007236964186305372,False,0.6019635408065335,0.5965415646663305,0.005421976140203011,0.0059380218964557585,True,0.005,learned neighborhood beats marker and null controls
SQUIDPY_MERFISH,0.7421418546219315,0.7472899340546876,0.7400764371991102,0.7443031869430888,0.002986747111598742,0.001985111662531014,False,0.7457382625626703,0.7863523573200992,-0.009332685633737015,-0.007444168734491385,False,0.7474276617357088,0.7550709481964073,-0.007643286460698451,-0.006451612903225823,False,0.005,context signal is not specific under null controls
SQUIDPY_SLIDESEQV2,0.3795289108946924,0.3800537901757016,0.3784033101378171,0.37963696325114255,0.0004168269245590772,0.00035714285714283367,False,0.38257953406291323,0.39714285714285713,0.0016626275517047095,0.0,False,0.37864783446300293,0.3809169065112085,-0.0022690720482055893,-0.0017857142857142794,False,0.005,context signal is not specific under null controls
SQUIDPY_MIBITOF,0.5168892441673607,0.5109799406650777,0.5021608685776555,0.5172525490098583,-0.006272608344780606,-0.005964214711729698,False,0.511685720525924,0.544234592445328,-0.01050500800011056,-0.006461232604373812,False,0.5149292044206804,0.5221907285260345,-0.007261524105354189,-0.003976143141153021,False,0.005,context signal is not specific under null controls
SQUIDPY_VISIUM_FLUO,0.4859242551564744,0.5291358174564657,0.4941231947104229,0.5366547122308929,-0.007518894774427243,0.0007264802034144813,False,0.49459122655052074,0.5688339992735197,-0.04206348568037216,-0.049037413730475876,False,0.5089481145058968,0.4915453917330973,0.017402722772799528,0.013439883763167515,True,0.005,simple spatial smoothing beats marker and random smoothing
SQUIDPY_VISIUM_HNE,0.47624027970325306,0.5183140052461559,0.4970474500479061,0.5874363183147945,-0.06912231306863859,-0.06882440476190477,False,0.5160670418079607,0.5457589285714286,-0.07136927650683378,-0.0747767857142857,False,0.5410245173342015,0.5424399959613823,-0.0014154786271807218,0.007068452380952328,False,0.005,context signal is not specific under null controls
SQUIDPY_IMC,0.36505736510739784,0.3636759586802436,0.3624677880015464,0.4036220504027841,-0.03994609172254049,-0.0022935779816513624,False,0.37130231738121017,0.40309633027522934,-0.032319733021573926,-0.005160550458715607,False,0.36456022252383724,0.37342909888147013,-0.008868876357632893,-0.006880733944954143,False,0.005,context signal is not specific under null controls
GEO_GSE240015_VISIUM_THYMUS_DOMAIN,0.2971235890248294,0.2954956236124419,0.3150963276326495,0.3054621834307568,-0.019600704020207582,-0.030946291560102257,False,0.2923990191365255,0.33324808184143223,-0.022697308496124002,-0.025063938618925807,False,0.3192983491399474,0.30945079811338605,0.009847551026561374,0.015089514066496168,True,0.005,simple spatial smoothing beats marker and random smoothing
GEO_GSE284005_MERSCOPE_MS,0.4806433930031218,0.48146196757529774,0.478481678115604,0.47856297597079794,0.0008185745721759341,0.0012775471095496371,False,0.481765339382973,0.5011178537208559,-0.0002499992557227215,-0.000745235813903955,False,0.48370951566043957,0.4820153386386957,0.0016941770217438479,0.001490471627808021,False,0.005,context signal is not specific under null controls
GEO_GSE327581_COSMX_AD_BRAIN,0.4752349585120632,0.48514109462710425,0.4738973223845928,0.47509140235024766,0.009906136115041042,0.011636363636363667,True,0.477220374830533,0.5041818181818182,-0.007920719796571274,-0.001636363636363658,False,0.4796310283343655,0.48317706763927537,-0.003546039304909876,-0.0036363636363636598,False,0.005,learned neighborhood beats marker and null controls
GEO_GSE333737_MERSCOPE_PANCREAS_VASCULAR,0.7566843708478798,0.7552337230629274,0.7528005143542538,0.7523915709733712,-0.001450647784952408,-0.0012500000000000844,False,0.7548291612423432,0.7579166666666667,-0.0018552096055365341,-0.0016666666666667052,False,0.7574644723527382,0.7525320282398719,0.0007801015048584103,0.0008333333333332416,False,0.005,context signal is not specific under null controls
