dataset_id,baseline_model,comparator_model,baseline_wrong_comparator_right,baseline_right_comparator_wrong,mcnemar_exact_p,accuracy_diff
GSE202623_LESION,marker_only,marker_spatial_smoothing,10,11,1.0,-0.0004024144869214652
GSE202623_LESION,marker_only,marker_spatial_smoothing_random_graph,9,6,0.6072387695312499,0.0012072434607646176
GSE202623_LESION,marker_only,marker_learned_neighborhood,71,39,0.002943638859345199,0.012877263581488996
GSE202623_LESION,marker_only,marker_context_specific_neighborhood,32,22,0.22032849417661093,0.004024144869215318
GSE202623_LESION,marker_only,learned_random_graph,35,19,0.04022356409571669,0.006438631790744553
GSE202623_LESION,marker_only,learned_permuted_prior,22,10,0.050102459732443094,0.0048289738430583595
SQUIDPY_SEQFISH,marker_only,marker_spatial_smoothing,58,20,1.9519090743641074e-05,0.007051401002041158
SQUIDPY_SEQFISH,marker_only,marker_spatial_smoothing_random_graph,40,34,0.5613807442989817,0.0011133791055853992
SQUIDPY_SEQFISH,marker_only,marker_learned_neighborhood,148,90,0.00020605421527234103,0.010762664687326007
SQUIDPY_SEQFISH,marker_only,marker_context_specific_neighborhood,48,29,0.03953953287797775,0.0035257005010206344
SQUIDPY_SEQFISH,marker_only,learned_random_graph,23,11,0.05761267291381955,0.0022267582111709094
SQUIDPY_SEQFISH,marker_only,learned_permuted_prior,31,18,0.08543313315739454,0.002412321395435124
SQUIDPY_MERFISH,marker_only,marker_spatial_smoothing,51,35,0.10522535125694396,0.003970223325062028
SQUIDPY_MERFISH,marker_only,marker_spatial_smoothing_random_graph,73,31,4.6569869697466e-05,0.01042183622828785
SQUIDPY_MERFISH,marker_only,marker_learned_neighborhood,36,21,0.06273668035582848,0.003722084367245637
SQUIDPY_MERFISH,marker_only,marker_context_specific_neighborhood,33,21,0.13367423536410522,0.0029776674937964653
SQUIDPY_MERFISH,marker_only,learned_random_graph,9,14,0.4048728942871094,-0.001240694789081953
SQUIDPY_MERFISH,marker_only,learned_permuted_prior,23,16,0.3367836351899315,0.0017369727047146233
SQUIDPY_SLIDESEQV2,marker_only,marker_spatial_smoothing,27,27,1.0,0.0
SQUIDPY_SLIDESEQV2,marker_only,marker_spatial_smoothing_random_graph,16,11,0.44206833839416504,0.0017857142857142794
SQUIDPY_SLIDESEQV2,marker_only,marker_learned_neighborhood,6,4,0.75390625,0.0007142857142857229
SQUIDPY_SLIDESEQV2,marker_only,marker_context_specific_neighborhood,27,22,0.5681724128491652,0.0017857142857142794
SQUIDPY_SLIDESEQV2,marker_only,learned_random_graph,8,9,1.0,-0.00035714285714283367
SQUIDPY_SLIDESEQV2,marker_only,learned_permuted_prior,8,7,1.0,0.0003571428571428892
SQUIDPY_MIBITOF,marker_only,marker_spatial_smoothing,29,37,0.3890524605477928,-0.003976143141153021
SQUIDPY_MIBITOF,marker_only,marker_spatial_smoothing_random_graph,52,54,0.9226851594412753,-0.0009940357852882276
SQUIDPY_MIBITOF,marker_only,marker_learned_neighborhood,23,33,0.2288055412343561,-0.00497017892644136
SQUIDPY_MIBITOF,marker_only,marker_context_specific_neighborhood,25,36,0.20003136851310313,-0.005467196819085474
SQUIDPY_MIBITOF,marker_only,learned_random_graph,14,42,0.00023444586091919684,-0.013916500994035741
SQUIDPY_MIBITOF,marker_only,learned_permuted_prior,20,18,0.8714146793645341,0.0009940357852883386
SQUIDPY_VISIUM_FLUO,marker_only,marker_spatial_smoothing,105,42,2.0833414955597636e-07,0.02288412640755544
SQUIDPY_VISIUM_FLUO,marker_only,marker_spatial_smoothing_random_graph,71,45,0.0198791037382339,0.009444242644387923
SQUIDPY_VISIUM_FLUO,marker_only,marker_learned_neighborhood,222,61,1.1681479713943035e-22,0.0584816563748638
SQUIDPY_VISIUM_FLUO,marker_only,marker_context_specific_neighborhood,46,20,0.0018582303075658085,0.009444242644387923
SQUIDPY_VISIUM_FLUO,marker_only,learned_random_graph,146,117,0.08405280186610638,0.010533962949509701
SQUIDPY_VISIUM_FLUO,marker_only,learned_permuted_prior,309,150,9.366469499159205e-14,0.05775517617144932
SQUIDPY_VISIUM_HNE,marker_only,marker_spatial_smoothing,194,45,3.1298882940615626e-23,0.05543154761904767
SQUIDPY_VISIUM_HNE,marker_only,marker_spatial_smoothing_random_graph,190,60,6.440167220973979e-17,0.048363095238095344
SQUIDPY_VISIUM_HNE,marker_only,marker_learned_neighborhood,158,59,1.2676059124257306e-11,0.036830357142857206
SQUIDPY_VISIUM_HNE,marker_only,marker_context_specific_neighborhood,195,112,2.510798746472452e-06,0.030877976190476275
SQUIDPY_VISIUM_HNE,marker_only,learned_random_graph,139,102,0.02020603618276128,0.013764880952381042
SQUIDPY_VISIUM_HNE,marker_only,learned_permuted_prior,414,130,1.6633454246528404e-35,0.10565476190476197
SQUIDPY_IMC,marker_only,marker_spatial_smoothing,57,42,0.15906965188123823,0.008600917431192623
SQUIDPY_IMC,marker_only,marker_spatial_smoothing_random_graph,52,25,0.002799053877277624,0.015481651376146766
SQUIDPY_IMC,marker_only,marker_learned_neighborhood,26,28,0.8919231511047488,-0.001146788990825709
SQUIDPY_IMC,marker_only,marker_context_specific_neighborhood,41,23,0.0327657590988232,0.010321100917431159
SQUIDPY_IMC,marker_only,learned_random_graph,26,25,1.0,0.0005733944954128267
SQUIDPY_IMC,marker_only,learned_permuted_prior,22,20,0.8776143287523154,0.0011467889908256534
GEO_GSE240015_VISIUM_THYMUS_DOMAIN,marker_only,marker_spatial_smoothing,133,60,1.5740727894521603e-07,0.018670076726342688
GEO_GSE240015_VISIUM_THYMUS_DOMAIN,marker_only,marker_spatial_smoothing_random_graph,132,118,0.411018939735089,0.00358056265984652
GEO_GSE240015_VISIUM_THYMUS_DOMAIN,marker_only,marker_learned_neighborhood,217,265,0.032183717338033456,-0.012276214833759569
GEO_GSE240015_VISIUM_THYMUS_DOMAIN,marker_only,marker_context_specific_neighborhood,32,57,0.010546897231105523,-0.006393861892583119
GEO_GSE240015_VISIUM_THYMUS_DOMAIN,marker_only,learned_random_graph,291,218,0.0013926148398093635,0.018670076726342688
GEO_GSE240015_VISIUM_THYMUS_DOMAIN,marker_only,learned_permuted_prior,187,135,0.004408193319296469,0.013299232736572908
GEO_GSE284005_MERSCOPE_MS,marker_only,marker_spatial_smoothing,188,153,0.06543403701287678,0.003726179069519886
GEO_GSE284005_MERSCOPE_MS,marker_only,marker_spatial_smoothing_random_graph,151,130,0.2327720616851385,0.002235707441711865
GEO_GSE284005_MERSCOPE_MS,marker_only,marker_learned_neighborhood,149,137,0.5154769334270979,0.0012775471095496371
GEO_GSE284005_MERSCOPE_MS,marker_only,marker_context_specific_neighborhood,170,156,0.47157797712896554,0.00149047162780791
GEO_GSE284005_MERSCOPE_MS,marker_only,learned_random_graph,80,102,0.11931902228044218,-0.002342169700841057
GEO_GSE284005_MERSCOPE_MS,marker_only,learned_permuted_prior,101,123,0.1604302391196825,-0.002342169700841057
GEO_GSE327581_COSMX_AD_BRAIN,marker_only,marker_spatial_smoothing,64,42,0.040871970607754805,0.0040000000000000036
GEO_GSE327581_COSMX_AD_BRAIN,marker_only,marker_spatial_smoothing_random_graph,89,47,0.0003985664867934553,0.007636363636363663
GEO_GSE327581_COSMX_AD_BRAIN,marker_only,marker_learned_neighborhood,203,138,0.0005103947182575791,0.011818181818181839
GEO_GSE327581_COSMX_AD_BRAIN,marker_only,marker_context_specific_neighborhood,144,88,0.0002868816394511234,0.01018181818181818
GEO_GSE327581_COSMX_AD_BRAIN,marker_only,learned_random_graph,19,27,0.3019956131896606,-0.0014545454545454306
GEO_GSE327581_COSMX_AD_BRAIN,marker_only,learned_permuted_prior,18,17,1.0,0.0001818181818181719
GEO_GSE333737_MERSCOPE_PANCREAS_VASCULAR,marker_only,marker_spatial_smoothing,18,16,0.8641662404406816,0.0008333333333332416
GEO_GSE333737_MERSCOPE_PANCREAS_VASCULAR,marker_only,marker_spatial_smoothing_random_graph,26,36,0.25285439418811073,-0.004166666666666763
GEO_GSE333737_MERSCOPE_PANCREAS_VASCULAR,marker_only,marker_learned_neighborhood,16,19,0.735878800856881,-0.0012500000000000844
GEO_GSE333737_MERSCOPE_PANCREAS_VASCULAR,marker_only,marker_context_specific_neighborhood,11,15,0.557197093963623,-0.0016666666666667052
GEO_GSE333737_MERSCOPE_PANCREAS_VASCULAR,marker_only,learned_random_graph,8,17,0.10775214433670044,-0.003750000000000031
GEO_GSE333737_MERSCOPE_PANCREAS_VASCULAR,marker_only,learned_permuted_prior,12,22,0.12144948495551944,-0.004166666666666763
