dataset_id,n_cells,n_features,n_labels,n_groups,n_edges,train_cells_fold1,test_cells_fold1,n_marker_rows_fold1,total_wall_time_s,peak_rss_mb,python_executable,python_version,platform,only_accuracy,only_macro_f1,spatial_smoothing_accuracy,spatial_smoothing_macro_f1,learned_nh_accuracy,learned_nh_macro_f1,context_specific_nh_accuracy,context_specific_nh_macro_f1
GSE202623_LESION,2485,287,8,30,24840,2118,367,320,10.965424299996812,179.87890625,C:\Program Files\Python310\python.exe,3.10.11,Windows-10-10.0.26200-SP0,0.7329700272479565,0.6519828995308438,0.7329700272479565,0.6490944059571512,0.7384196185286104,0.6633785255896466,0.7302452316076294,0.659432309326445
SQUIDPY_SEQFISH,5389,351,21,36,53890,4252,1137,840,22.142947400046978,219.67578125,C:\Program Files\Python310\python.exe,3.10.11,Windows-10-10.0.26200-SP0,0.6244503078276166,0.5398218447449494,0.6376429199648197,0.5485587927556459,0.6244503078276166,0.5430500723370876,0.6279683377308707,0.5443348393131556
SQUIDPY_MERFISH,4030,161,15,12,40300,3300,730,594,13.911909399961587,182.59375,C:\Program Files\Python310\python.exe,3.10.11,Windows-10-10.0.26200-SP0,0.6917808219178082,0.6807741258054338,0.6958904109589041,0.6848921102037009,0.6958904109589041,0.6845362154091976,0.6986301369863014,0.6877226207769839
SQUIDPY_SLIDESEQV2,2800,1500,14,36,28000,2303,497,560,9.548825100064278,275.85546875,C:\Program Files\Python310\python.exe,3.10.11,Windows-10-10.0.26200-SP0,0.4426559356136821,0.4059906522720927,0.44668008048289737,0.4087679488495772,0.4426559356136821,0.4059906522720927,0.44466800804828976,0.4090308088135958
SQUIDPY_MIBITOF,2012,36,8,3,20120,1382,630,233,5.4570238999440335,157.953125,C:\Program Files\Python310\python.exe,3.10.11,Windows-10-10.0.26200-SP0,0.6142857142857143,0.5225314345568111,0.6111111111111112,0.5160930015699657,0.6142857142857143,0.5141368801925259,0.6111111111111112,0.5153054725024604
SQUIDPY_VISIUM_FLUO,2753,2000,15,36,27530,2205,548,600,13.073216200107709,315.91796875,C:\Program Files\Python310\python.exe,3.10.11,Windows-10-10.0.26200-SP0,0.40693430656934304,0.4085179218930273,0.47992700729927007,0.4632395856952688,0.5529197080291971,0.562228849400581,0.4343065693430657,0.42569914634176226
SQUIDPY_VISIUM_HNE,2688,2000,15,36,26880,2106,582,600,10.19079929991858,307.38671875,C:\Program Files\Python310\python.exe,3.10.11,Windows-10-10.0.26200-SP0,0.5326460481099656,0.48953596693988116,0.563573883161512,0.5311408084207183,0.5738831615120275,0.5293293080526236,0.5618556701030928,0.5368109654283247
SQUIDPY_IMC,1744,34,11,36,17440,1366,378,331,7.347751299967058,158.42578125,C:\Program Files\Python310\python.exe,3.10.11,Windows-10-10.0.26200-SP0,0.3439153439153439,0.36540535267850893,0.35185185185185186,0.359501275672215,0.32275132275132273,0.34242333070462255,0.3412698412698413,0.3880843622549596
GEO_GSE240015_VISIUM_THYMUS_DOMAIN,3910,2000,13,18,39100,2779,1131,508,14.755699199915398,370.1328125,C:\Program Files\Python310\python.exe,3.10.11,Windows-10-10.0.26200-SP0,0.32360742705570295,0.4039673272514606,0.33863837312113176,0.4269402982387578,0.22634836427939875,0.2873700891489544,0.3015030946065429,0.3888056633777822
GEO_GSE284005_MERSCOPE_MS,9393,500,38,17,93930,6924,2469,1520,37.37511609989451,314.85546875,C:\Program Files\Python310\python.exe,3.10.11,Windows-10-10.0.26200-SP0,0.47671121911705144,0.47509896417202846,0.48157148643175374,0.468557097638301,0.4730660186310247,0.48360518242933576,0.47225597407857434,0.4590246733947017
GEO_GSE327581_COSMX_AD_BRAIN,5500,1207,55,5,55000,4661,839,2171,26.251995800063014,385.3203125,C:\Program Files\Python310\python.exe,3.10.11,Windows-10-10.0.26200-SP0,0.40047675804529204,0.4203161016138391,0.40166865315852207,0.42271484485945204,0.41477949940405245,0.4352793572538747,0.4052443384982122,0.4194691921288257
GEO_GSE333737_MERSCOPE_PANCREAS_VASCULAR,2400,300,4,12,24000,2065,335,160,7.360741000040434,176.2109375,C:\Program Files\Python310\python.exe,3.10.11,Windows-10-10.0.26200-SP0,0.8119402985074626,0.8054506932144986,0.8238805970149253,0.8166337502743033,0.817910447761194,0.8105856545007364,0.8119402985074626,0.8054506932144986
