dataset_id,stage,wall_time_s,rss_start_mb,rss_peak_mb,rss_end_mb,rss_delta_mb,error
GSE202623_LESION,load_expression_metadata,0.04606999998213723,143.875,150.953125,150.8828125,7.0078125,
GSE202623_LESION,align_metadata,0.012120400031562895,150.90234375,154.5703125,154.5703125,3.66796875,
GSE202623_LESION,build_spatial_graph,1.4237360999686643,154.57421875,165.140625,165.140625,10.56640625,
GSE202623_LESION,make_blocked_folds,0.008942799991928041,165.12109375,165.19140625,165.19140625,0.0703125,
GSE202623_LESION,zscore_features,0.01859859999967739,165.171875,170.671875,170.671875,5.5,
GSE202623_LESION,learn_marker_scores,0.05613320000702515,170.65234375,179.87890625,171.73046875,1.078125,
GSE202623_LESION,score_spatial_smoothing,0.5817412000033073,171.7109375,171.796875,171.796875,0.0859375,
GSE202623_LESION,make_random_graph,0.13460679998388514,171.77734375,175.34765625,175.34765625,3.5703125,
GSE202623_LESION,learn_niche_prior,2.0141887000063434,175.328125,175.4140625,175.4140625,0.0859375,
GSE202623_LESION,score_learned_neighborhood,1.179565400001593,175.39453125,175.44921875,175.44921875,0.0546875,
GSE202623_LESION,permute_niche_prior,0.0011411000159569085,175.4296875,175.4609375,175.4609375,0.03125,
GSE202623_LESION,score_context_specific,3.53237440000521,175.44140625,175.52734375,175.52734375,0.0859375,
GSE202623_LESION,predict_and_tune_one_fold,1.956205599999521,175.5078125,176.0234375,176.0234375,0.515625,
SQUIDPY_SEQFISH,load_expression_metadata,0.14353420003317297,143.76171875,175.3359375,162.82421875,19.0625,
SQUIDPY_SEQFISH,align_metadata,0.013532400014810264,162.84375,166.12890625,166.12890625,3.28515625,
SQUIDPY_SEQFISH,build_spatial_graph,1.3304957000073045,166.12890625,177.5625,177.5625,11.43359375,
SQUIDPY_SEQFISH,make_blocked_folds,0.009695500019006431,177.54296875,178.06640625,178.06640625,0.5234375,
SQUIDPY_SEQFISH,zscore_features,0.023780399991665035,178.05078125,193.14453125,193.14453125,15.09375,
SQUIDPY_SEQFISH,learn_marker_scores,0.2573833999922499,193.125,219.67578125,196.3359375,3.2109375,
SQUIDPY_SEQFISH,score_spatial_smoothing,2.1806794999865815,196.31640625,198.51171875,197.25390625,0.9375,
SQUIDPY_SEQFISH,make_random_graph,0.3596825000131503,197.234375,204.6328125,204.6328125,7.3984375,
SQUIDPY_SEQFISH,learn_niche_prior,4.18615880003199,204.61328125,206.65234375,206.65234375,2.0390625,
SQUIDPY_SEQFISH,score_learned_neighborhood,2.4028740999638103,206.6328125,206.8828125,202.3359375,-4.296875,
SQUIDPY_SEQFISH,permute_niche_prior,0.0010483000078238547,202.31640625,202.34765625,202.34765625,0.03125,
SQUIDPY_SEQFISH,score_context_specific,7.186729000008199,202.328125,209.37890625,203.9375,1.609375,
SQUIDPY_SEQFISH,predict_and_tune_one_fold,4.047353599977214,203.9375,218.91796875,208.171875,4.234375,
SQUIDPY_MERFISH,load_expression_metadata,0.07806110003730282,143.390625,166.2890625,151.8828125,8.4921875,
SQUIDPY_MERFISH,align_metadata,0.014562399999704212,151.90234375,154.89453125,154.89453125,2.9921875,
SQUIDPY_MERFISH,build_spatial_graph,0.03359999996609986,154.89453125,165.7109375,162.8515625,7.95703125,
SQUIDPY_MERFISH,make_blocked_folds,0.0064224000088870525,162.83203125,163.19140625,163.19140625,0.359375,
SQUIDPY_MERFISH,zscore_features,0.008788999984972179,163.18359375,169.4765625,169.4765625,6.29296875,
SQUIDPY_MERFISH,learn_marker_scores,0.10524519998580217,169.45703125,176.12109375,170.96484375,1.5078125,
SQUIDPY_MERFISH,score_spatial_smoothing,0.830036300001666,170.9453125,172.625,172.625,1.6796875,
SQUIDPY_MERFISH,make_random_graph,0.18464490002952516,172.60546875,174.7890625,174.7890625,2.18359375,
SQUIDPY_MERFISH,learn_niche_prior,2.441327899985481,174.76953125,176.30078125,174.78515625,0.015625,
SQUIDPY_MERFISH,score_learned_neighborhood,1.7790691999834962,174.765625,176.12109375,174.5546875,-0.2109375,
SQUIDPY_MERFISH,permute_niche_prior,0.0009685999830253422,174.53125,174.56640625,174.56640625,0.03515625,
SQUIDPY_MERFISH,score_context_specific,5.27876890002517,174.54296875,177.84375,175.953125,1.41015625,
SQUIDPY_MERFISH,predict_and_tune_one_fold,3.1504134999704547,175.93359375,182.59375,176.29296875,0.359375,
SQUIDPY_SLIDESEQV2,load_expression_metadata,0.23140659998171031,143.30078125,208.140625,182.1328125,38.83203125,
SQUIDPY_SLIDESEQV2,align_metadata,0.01246180001180619,182.15234375,184.75,184.75,2.59765625,
SQUIDPY_SLIDESEQV2,build_spatial_graph,0.04068080004071817,184.74609375,189.47265625,187.8359375,3.08984375,
SQUIDPY_SLIDESEQV2,make_blocked_folds,0.00665400002617389,187.8203125,188.078125,188.078125,0.2578125,
SQUIDPY_SLIDESEQV2,zscore_features,0.0536077999859117,188.05859375,244.30859375,220.34375,32.28515625,
SQUIDPY_SLIDESEQV2,learn_marker_scores,0.24453050002921373,220.32421875,275.85546875,222.2265625,1.90234375,
SQUIDPY_SLIDESEQV2,score_spatial_smoothing,0.5621614999836311,222.20703125,224.25,224.25,2.04296875,
SQUIDPY_SLIDESEQV2,make_random_graph,0.05770699999993667,224.23046875,226.53515625,226.53515625,2.3046875,
SQUIDPY_SLIDESEQV2,learn_niche_prior,1.3013738000299782,226.515625,226.76171875,226.76171875,0.24609375,
SQUIDPY_SLIDESEQV2,score_learned_neighborhood,1.2010044999769889,226.7421875,227.296875,227.296875,0.5546875,
SQUIDPY_SLIDESEQV2,permute_niche_prior,0.0010639000101946294,227.27734375,227.30859375,227.30859375,0.03125,
SQUIDPY_SLIDESEQV2,score_context_specific,3.637596199987456,227.2890625,228.0625,228.0625,0.7734375,
SQUIDPY_SLIDESEQV2,predict_and_tune_one_fold,2.198576700000558,228.04296875,230.01953125,226.3828125,-1.66015625,
SQUIDPY_MIBITOF,load_expression_metadata,0.02478139998856932,143.8046875,146.625,146.625,2.8203125,
SQUIDPY_MIBITOF,align_metadata,0.007765299989841878,146.60546875,148.0703125,148.0703125,1.46484375,
SQUIDPY_MIBITOF,build_spatial_graph,0.01655239996034652,148.06640625,153.5859375,153.5859375,5.51953125,
SQUIDPY_MIBITOF,make_blocked_folds,0.002427400031592697,153.56640625,153.6328125,153.6328125,0.06640625,
SQUIDPY_MIBITOF,zscore_features,0.0013665000442415476,153.61328125,154.75390625,154.75390625,1.140625,
SQUIDPY_MIBITOF,learn_marker_scores,0.027694799995515496,154.734375,155.30078125,155.30078125,0.56640625,
SQUIDPY_MIBITOF,score_spatial_smoothing,0.4070437999907881,155.28125,155.359375,155.359375,0.078125,
SQUIDPY_MIBITOF,make_random_graph,0.15267320000566542,155.33984375,157.23828125,157.23828125,1.8984375,
SQUIDPY_MIBITOF,learn_niche_prior,0.6169788999832235,157.21875,157.2890625,157.2890625,0.0703125,
SQUIDPY_MIBITOF,score_learned_neighborhood,0.41085450001992285,157.26953125,157.48828125,157.48828125,0.21875,
SQUIDPY_MIBITOF,permute_niche_prior,0.0006290999590419233,157.46875,157.5,157.5,0.03125,
SQUIDPY_MIBITOF,score_context_specific,2.448447300004773,157.48046875,157.5,157.5,0.01953125,
SQUIDPY_MIBITOF,predict_and_tune_one_fold,1.3398092999705113,157.48046875,157.953125,157.953125,0.47265625,
SQUIDPY_VISIUM_FLUO,load_expression_metadata,0.6173094999976456,143.63671875,209.734375,191.140625,47.50390625,
SQUIDPY_VISIUM_FLUO,align_metadata,0.013325300009455532,191.16015625,195.06640625,195.06640625,3.90625,
SQUIDPY_VISIUM_FLUO,build_spatial_graph,1.3499555999878794,195.0859375,199.97265625,199.97265625,4.88671875,
SQUIDPY_VISIUM_FLUO,make_blocked_folds,0.009897600044496357,199.95703125,200.234375,200.234375,0.27734375,
SQUIDPY_VISIUM_FLUO,zscore_features,0.07556480000494048,200.21484375,311.07421875,242.64453125,42.4296875,
SQUIDPY_VISIUM_FLUO,learn_marker_scores,0.5484541999758221,242.625,315.91796875,245.671875,3.046875,
SQUIDPY_VISIUM_FLUO,score_spatial_smoothing,1.1865484000300057,245.65234375,245.90625,245.90625,0.25390625,
SQUIDPY_VISIUM_FLUO,make_random_graph,0.13483240001369268,245.88671875,249.4296875,249.4296875,3.54296875,
SQUIDPY_VISIUM_FLUO,learn_niche_prior,2.1675991999800317,249.41015625,249.51171875,249.51171875,0.1015625,
SQUIDPY_VISIUM_FLUO,score_learned_neighborhood,1.1663358000223525,249.4921875,250.0078125,250.0078125,0.515625,
SQUIDPY_VISIUM_FLUO,permute_niche_prior,0.001028900034725666,249.98828125,250.01953125,250.01953125,0.03125,
SQUIDPY_VISIUM_FLUO,score_context_specific,3.680435100046452,250.0,251.296875,251.296875,1.296875,
SQUIDPY_VISIUM_FLUO,predict_and_tune_one_fold,2.1219293999602087,251.27734375,253.875,249.95703125,-1.3203125,
SQUIDPY_VISIUM_HNE,load_expression_metadata,0.609051699982956,143.99609375,211.76953125,190.87890625,46.8828125,
SQUIDPY_VISIUM_HNE,align_metadata,0.01358329999493435,190.859375,194.2578125,194.2578125,3.3984375,
SQUIDPY_VISIUM_HNE,build_spatial_graph,0.04009550000773743,194.3046875,197.87109375,197.46484375,3.16015625,
SQUIDPY_VISIUM_HNE,make_blocked_folds,0.006180399970617145,197.4453125,197.71875,197.71875,0.2734375,
SQUIDPY_VISIUM_HNE,zscore_features,0.06858429999556392,197.703125,271.3515625,239.08203125,41.37890625,
SQUIDPY_VISIUM_HNE,learn_marker_scores,0.29247589997248724,239.0625,307.38671875,241.00390625,1.94140625,
SQUIDPY_VISIUM_HNE,score_spatial_smoothing,0.5649684000527486,240.984375,242.5078125,242.5078125,1.5234375,
SQUIDPY_VISIUM_HNE,make_random_graph,0.05760499997995794,242.48828125,246.140625,246.140625,3.65234375,
SQUIDPY_VISIUM_HNE,learn_niche_prior,1.7279712000163272,246.12109375,246.66015625,246.66015625,0.5390625,
SQUIDPY_VISIUM_HNE,score_learned_neighborhood,1.224943400011398,246.640625,246.7265625,246.7265625,0.0859375,
SQUIDPY_VISIUM_HNE,permute_niche_prior,0.0011970999767072499,246.70703125,246.73828125,246.73828125,0.03125,
SQUIDPY_VISIUM_HNE,score_context_specific,3.52583689999301,246.71875,247.8203125,247.8203125,1.1015625,
SQUIDPY_VISIUM_HNE,predict_and_tune_one_fold,2.058306199964136,247.80078125,250.5546875,246.87890625,-0.921875,
SQUIDPY_IMC,load_expression_metadata,0.02064029994653538,143.82421875,145.703125,145.703125,1.87890625,
SQUIDPY_IMC,align_metadata,0.006673500000033528,145.72265625,146.01171875,146.01171875,0.2890625,
SQUIDPY_IMC,build_spatial_graph,1.3252620999701321,146.015625,153.9609375,153.9609375,7.9453125,
SQUIDPY_IMC,make_blocked_folds,0.013229800038971007,153.94140625,154.01171875,154.01171875,0.0703125,
SQUIDPY_IMC,zscore_features,0.0013769000070169568,153.9921875,154.48828125,154.48828125,0.49609375,
SQUIDPY_IMC,learn_marker_scores,0.03697889996692538,154.46875,154.62890625,154.62890625,0.16015625,
SQUIDPY_IMC,score_spatial_smoothing,0.3613500000210479,154.609375,154.69921875,154.69921875,0.08984375,
SQUIDPY_IMC,make_random_graph,0.028106399986427277,154.6796875,156.75390625,156.75390625,2.07421875,
SQUIDPY_IMC,learn_niche_prior,1.1351590999984182,156.734375,156.796875,156.77734375,0.04296875,
SQUIDPY_IMC,score_learned_neighborhood,0.7766645000083372,156.77734375,157.00390625,157.00390625,0.2265625,
SQUIDPY_IMC,permute_niche_prior,0.0010158999939449131,156.984375,157.015625,157.015625,0.03125,
SQUIDPY_IMC,score_context_specific,2.2610740000382066,156.99609375,157.02734375,157.02734375,0.03125,
SQUIDPY_IMC,predict_and_tune_one_fold,1.3802198999910615,157.0078125,158.42578125,157.39453125,0.38671875,
GEO_GSE240015_VISIUM_THYMUS_DOMAIN,load_expression_metadata,0.5525058000348508,143.359375,231.3984375,211.28515625,67.92578125,
GEO_GSE240015_VISIUM_THYMUS_DOMAIN,align_metadata,0.010517399990931153,211.3046875,214.7578125,214.7578125,3.453125,
GEO_GSE240015_VISIUM_THYMUS_DOMAIN,build_spatial_graph,0.036489700025413185,214.76171875,219.03125,217.6796875,2.91796875,
GEO_GSE240015_VISIUM_THYMUS_DOMAIN,make_blocked_folds,0.006152099987957627,217.66015625,218.01171875,218.01171875,0.3515625,
GEO_GSE240015_VISIUM_THYMUS_DOMAIN,zscore_features,0.10017150000203401,217.98828125,329.15234375,278.23828125,60.25,
GEO_GSE240015_VISIUM_THYMUS_DOMAIN,learn_marker_scores,0.3337681000120938,278.21875,370.1328125,282.61328125,4.39453125,
GEO_GSE240015_VISIUM_THYMUS_DOMAIN,score_spatial_smoothing,0.818652399990242,282.59375,283.62890625,283.62890625,1.03515625,
GEO_GSE240015_VISIUM_THYMUS_DOMAIN,make_random_graph,0.5221858999575488,283.609375,287.76953125,287.76953125,4.16015625,
GEO_GSE240015_VISIUM_THYMUS_DOMAIN,learn_niche_prior,2.6573902999516577,287.75,287.8828125,287.8828125,0.1328125,
GEO_GSE240015_VISIUM_THYMUS_DOMAIN,score_learned_neighborhood,1.7362911999807693,287.86328125,288.19921875,288.19921875,0.3359375,
GEO_GSE240015_VISIUM_THYMUS_DOMAIN,permute_niche_prior,0.0010079999919980764,288.1796875,288.2109375,288.2109375,0.03125,
GEO_GSE240015_VISIUM_THYMUS_DOMAIN,score_context_specific,5.195241599984001,288.19140625,289.03515625,284.546875,-3.64453125,
GEO_GSE240015_VISIUM_THYMUS_DOMAIN,predict_and_tune_one_fold,2.7853252000059,284.52734375,291.7265625,288.48046875,3.953125,
GEO_GSE284005_MERSCOPE_MS,load_expression_metadata,0.30316519999178126,143.45703125,205.58203125,192.2421875,48.78515625,
GEO_GSE284005_MERSCOPE_MS,align_metadata,0.01885489997221157,189.2578125,194.796875,194.796875,5.5390625,
GEO_GSE284005_MERSCOPE_MS,build_spatial_graph,0.0718639999977313,194.79296875,218.859375,212.29296875,17.5,
GEO_GSE284005_MERSCOPE_MS,make_blocked_folds,0.010900599998421967,212.2734375,213.09765625,213.09765625,0.82421875,
GEO_GSE284005_MERSCOPE_MS,zscore_features,0.07531380001455545,213.078125,314.85546875,249.94921875,36.87109375,
GEO_GSE284005_MERSCOPE_MS,learn_marker_scores,0.8634768999763764,249.9296875,312.47265625,254.55859375,4.62890625,
GEO_GSE284005_MERSCOPE_MS,score_spatial_smoothing,3.3451447000261396,254.5390625,262.1953125,254.8125,0.2734375,
GEO_GSE284005_MERSCOPE_MS,make_random_graph,1.4952022000215948,254.79296875,268.0625,264.98046875,10.1875,
GEO_GSE284005_MERSCOPE_MS,learn_niche_prior,6.612493199994788,264.9609375,269.55859375,267.97265625,3.01171875,
GEO_GSE284005_MERSCOPE_MS,score_learned_neighborhood,4.201162599958479,267.953125,276.4609375,268.93359375,0.98046875,
GEO_GSE284005_MERSCOPE_MS,permute_niche_prior,0.0015205999952740967,268.9140625,268.9453125,268.9453125,0.03125,
GEO_GSE284005_MERSCOPE_MS,score_context_specific,12.494142799987458,268.92578125,294.94140625,273.1953125,4.26953125,
GEO_GSE284005_MERSCOPE_MS,predict_and_tune_one_fold,7.881874599959701,273.17578125,307.71875,275.15625,1.98046875,
GEO_GSE327581_COSMX_AD_BRAIN,load_expression_metadata,0.30501380003988743,143.27734375,221.65234375,203.57421875,60.296875,
GEO_GSE327581_COSMX_AD_BRAIN,align_metadata,0.01830510003492236,203.59375,203.65625,203.140625,-0.453125,
GEO_GSE327581_COSMX_AD_BRAIN,build_spatial_graph,0.041567099979147315,204.9140625,216.2109375,216.2109375,11.296875,
GEO_GSE327581_COSMX_AD_BRAIN,make_blocked_folds,0.006475500005763024,216.19140625,216.69140625,216.69140625,0.5,
GEO_GSE327581_COSMX_AD_BRAIN,zscore_features,0.10572210000827909,216.671875,385.3203125,268.08203125,51.41015625,
GEO_GSE327581_COSMX_AD_BRAIN,learn_marker_scores,1.469538899953477,268.0625,367.5,274.90625,6.84375,
GEO_GSE327581_COSMX_AD_BRAIN,score_spatial_smoothing,2.3606917000142857,274.88671875,282.69921875,278.09375,3.20703125,
GEO_GSE327581_COSMX_AD_BRAIN,make_random_graph,1.4947225999785587,278.07421875,283.15234375,279.43359375,1.359375,
GEO_GSE327581_COSMX_AD_BRAIN,learn_niche_prior,4.568982800003141,279.4140625,282.12890625,281.1328125,1.71875,
GEO_GSE327581_COSMX_AD_BRAIN,score_learned_neighborhood,2.403461600013543,281.11328125,287.41796875,285.109375,3.99609375,
GEO_GSE327581_COSMX_AD_BRAIN,permute_niche_prior,0.0010263000149279833,285.08984375,285.12109375,285.12109375,0.03125,
GEO_GSE327581_COSMX_AD_BRAIN,score_context_specific,7.469523500010837,285.1015625,295.25,287.76171875,2.66015625,
GEO_GSE327581_COSMX_AD_BRAIN,predict_and_tune_one_fold,6.006964800006244,287.7421875,320.58203125,286.1484375,-1.59375,
GEO_GSE333737_MERSCOPE_PANCREAS_VASCULAR,load_expression_metadata,0.06602860003476962,143.12890625,163.0078125,151.19140625,8.0625,
GEO_GSE333737_MERSCOPE_PANCREAS_VASCULAR,align_metadata,0.023942200001329184,151.2109375,159.50390625,159.50390625,8.29296875,
GEO_GSE333737_MERSCOPE_PANCREAS_VASCULAR,build_spatial_graph,0.024205300025641918,159.50390625,165.8828125,165.8828125,6.37890625,
GEO_GSE333737_MERSCOPE_PANCREAS_VASCULAR,make_blocked_folds,0.003658799978438765,165.86328125,165.93359375,165.93359375,0.0703125,
GEO_GSE333737_MERSCOPE_PANCREAS_VASCULAR,zscore_features,0.009499799984041601,165.9140625,171.4453125,171.4453125,5.53125,
GEO_GSE333737_MERSCOPE_PANCREAS_VASCULAR,learn_marker_scores,0.02858010004274547,171.42578125,171.5703125,171.5703125,0.14453125,
GEO_GSE333737_MERSCOPE_PANCREAS_VASCULAR,score_spatial_smoothing,0.5083896999713033,171.55078125,171.61328125,171.61328125,0.0625,
GEO_GSE333737_MERSCOPE_PANCREAS_VASCULAR,make_random_graph,0.08908840001095086,171.59375,175.5703125,175.5703125,3.9765625,
GEO_GSE333737_MERSCOPE_PANCREAS_VASCULAR,learn_niche_prior,0.8978601000271738,175.55078125,175.78125,175.78125,0.23046875,
GEO_GSE333737_MERSCOPE_PANCREAS_VASCULAR,score_learned_neighborhood,0.8454519999795593,175.76171875,175.81640625,175.81640625,0.0546875,
GEO_GSE333737_MERSCOPE_PANCREAS_VASCULAR,permute_niche_prior,0.0010149999870918691,175.796875,175.828125,175.828125,0.03125,
GEO_GSE333737_MERSCOPE_PANCREAS_VASCULAR,score_context_specific,3.1538096999865957,175.80859375,175.8515625,175.8515625,0.04296875,
GEO_GSE333737_MERSCOPE_PANCREAS_VASCULAR,predict_and_tune_one_fold,1.709211300010793,175.83203125,176.2109375,176.2109375,0.37890625,
