"dataset_id","model","n","accuracy","macro_f1","mean_confidence","mean_margin","conflict_rate","mean_elapsed_sec_per_fold"
"GEO_GSE240015_VISIUM_THYMUS_DOMAIN","seurat_label_transfer",3910,0.610997442455243,0.514646236229077,0.624153871165602,0.41159061155602,0.139386189258312,3.966
"GEO_GSE284005_MERSCOPE_MS","seurat_label_transfer",9393,0.431491536250399,0.422883810782586,0.485986597342322,0.269188541256214,0.322367720643032,4.994
"GEO_GSE327581_COSMX_AD_BRAIN","seurat_label_transfer",5500,0.493636363636364,0.474317878750193,0.463140025627899,0.254459180610618,0.312363636363636,4.148
"GSE202623_LESION","seurat_label_transfer",2485,0.927162977867203,0.734724102294956,0.917539180448755,0.853297032229314,0.0132796780684105,2.12
"SQUIDPY_MERFISH","seurat_label_transfer",4030,0.752853598014888,0.748340516862408,0.714277496722784,0.535324913826427,0.0997518610421836,2.466
"SQUIDPY_SEQFISH","seurat_label_transfer",5389,0.671738727036556,0.590855528100359,0.672321731497367,0.503317348852115,0.118760437929115,3.122
"SQUIDPY_SLIDESEQV2","seurat_label_transfer",2800,0.364642857142857,0.350317393093017,0.399951492908934,0.229327747465544,0.432857142857143,2.824
"SQUIDPY_VISIUM_FLUO","seurat_label_transfer",2753,0.846349436977842,0.833933564698608,0.814548371957648,0.674989400026258,0.0526698147475481,3.854
"SQUIDPY_VISIUM_HNE","seurat_label_transfer",2688,0.856770833333333,0.848239084210241,0.79358787588247,0.634035634390535,0.0543154761904762,3.36
