"dataset_id","comparator_model","n","marker_accuracy","comparator_accuracy","accuracy_diff","marker_wrong_comparator_right","marker_right_comparator_wrong","both_correct","both_wrong"
"GEO_GSE240015_VISIUM_THYMUS_DOMAIN","seurat_label_transfer",3910,0.339641943734015,0.610997442455243,0.271355498721228,1425,364,964,1157
"GEO_GSE284005_MERSCOPE_MS","seurat_label_transfer",9393,0.499627382093048,0.431491536250399,-0.0681358458426488,1271,1911,2782,3429
"GEO_GSE327581_COSMX_AD_BRAIN","seurat_label_transfer",5500,0.494,0.493636363636364,-0.000363636363636344,923,925,1792,1860
"GSE202623_LESION","seurat_label_transfer",2485,0.704225352112676,0.927162977867203,0.222937625754527,653,99,1651,82
"SQUIDPY_MERFISH","seurat_label_transfer",4030,0.783374689826303,0.752853598014888,-0.0305210918114144,352,475,2682,521
"SQUIDPY_SEQFISH","seurat_label_transfer",5389,0.64872889218779,0.671738727036556,0.023009834848766,700,576,2920,1193
"SQUIDPY_SLIDESEQV2","seurat_label_transfer",2800,0.395357142857143,0.364642857142857,-0.0307142857142857,301,387,720,1392
"SQUIDPY_VISIUM_FLUO","seurat_label_transfer",2753,0.559389756629132,0.846349436977842,0.286959680348711,904,114,1426,309
"SQUIDPY_VISIUM_HNE","seurat_label_transfer",2688,0.514880952380952,0.856770833333333,0.341889880952381,1050,131,1253,254
