"dataset_id","fold","status","reason"
"GSE202623_LESION",1,"completed","n=367; elapsed=2.3 sec"
"GSE202623_LESION",2,"completed","n=529; elapsed=2.1 sec"
"GSE202623_LESION",3,"completed","n=574; elapsed=2.1 sec"
"GSE202623_LESION",4,"completed","n=478; elapsed=2.1 sec"
"GSE202623_LESION",5,"completed","n=537; elapsed=2.1 sec"
"SQUIDPY_SEQFISH",1,"completed","n=1137; elapsed=3.3 sec"
"SQUIDPY_SEQFISH",2,"completed","n=927; elapsed=3.0 sec"
"SQUIDPY_SEQFISH",3,"completed","n=1279; elapsed=3.1 sec"
"SQUIDPY_SEQFISH",4,"completed","n=921; elapsed=3.1 sec"
"SQUIDPY_SEQFISH",5,"completed","n=1125; elapsed=3.1 sec"
"SQUIDPY_MERFISH",1,"completed","n=730; elapsed=2.6 sec"
"SQUIDPY_MERFISH",2,"completed","n=626; elapsed=2.4 sec"
"SQUIDPY_MERFISH",3,"completed","n=623; elapsed=2.4 sec"
"SQUIDPY_MERFISH",4,"completed","n=1044; elapsed=2.5 sec"
"SQUIDPY_MERFISH",5,"completed","n=1007; elapsed=2.5 sec"
"SQUIDPY_SLIDESEQV2",1,"completed","n=497; elapsed=2.7 sec"
"SQUIDPY_SLIDESEQV2",2,"completed","n=616; elapsed=3.0 sec"
"SQUIDPY_SLIDESEQV2",3,"completed","n=493; elapsed=2.8 sec"
"SQUIDPY_SLIDESEQV2",4,"completed","n=520; elapsed=2.9 sec"
"SQUIDPY_SLIDESEQV2",5,"completed","n=674; elapsed=2.8 sec"
"SQUIDPY_MIBITOF",NA,"skipped","non-RNA modality"
"SQUIDPY_VISIUM_FLUO",1,"completed","n=548; elapsed=4.4 sec"
"SQUIDPY_VISIUM_FLUO",2,"completed","n=547; elapsed=3.8 sec"
"SQUIDPY_VISIUM_FLUO",3,"completed","n=515; elapsed=3.8 sec"
"SQUIDPY_VISIUM_FLUO",4,"completed","n=576; elapsed=3.7 sec"
"SQUIDPY_VISIUM_FLUO",5,"completed","n=567; elapsed=3.6 sec"
"SQUIDPY_VISIUM_HNE",1,"completed","n=582; elapsed=3.6 sec"
"SQUIDPY_VISIUM_HNE",2,"completed","n=563; elapsed=3.2 sec"
"SQUIDPY_VISIUM_HNE",3,"completed","n=527; elapsed=3.2 sec"
"SQUIDPY_VISIUM_HNE",4,"completed","n=534; elapsed=3.3 sec"
"SQUIDPY_VISIUM_HNE",5,"completed","n=482; elapsed=3.4 sec"
"SQUIDPY_IMC",NA,"skipped","non-RNA modality"
"GEO_GSE240015_VISIUM_THYMUS_DOMAIN",1,"completed","n=1131; elapsed=3.9 sec"
"GEO_GSE240015_VISIUM_THYMUS_DOMAIN",2,"completed","n=906; elapsed=3.9 sec"
"GEO_GSE240015_VISIUM_THYMUS_DOMAIN",3,"completed","n=410; elapsed=4.1 sec"
"GEO_GSE240015_VISIUM_THYMUS_DOMAIN",4,"completed","n=878; elapsed=3.9 sec"
"GEO_GSE240015_VISIUM_THYMUS_DOMAIN",5,"completed","n=585; elapsed=3.9 sec"
"GEO_GSE284005_MERSCOPE_MS",1,"completed","n=2469; elapsed=5.0 sec"
"GEO_GSE284005_MERSCOPE_MS",2,"completed","n=1603; elapsed=4.9 sec"
"GEO_GSE284005_MERSCOPE_MS",3,"completed","n=1984; elapsed=5.0 sec"
"GEO_GSE284005_MERSCOPE_MS",4,"completed","n=1605; elapsed=4.9 sec"
"GEO_GSE284005_MERSCOPE_MS",5,"completed","n=1732; elapsed=5.2 sec"
"GEO_GSE327581_COSMX_AD_BRAIN",1,"completed","n=839; elapsed=4.4 sec"
"GEO_GSE327581_COSMX_AD_BRAIN",2,"completed","n=875; elapsed=4.1 sec"
"GEO_GSE327581_COSMX_AD_BRAIN",3,"completed","n=718; elapsed=4.0 sec"
"GEO_GSE327581_COSMX_AD_BRAIN",4,"completed","n=1583; elapsed=4.0 sec"
"GEO_GSE327581_COSMX_AD_BRAIN",5,"completed","n=1485; elapsed=4.2 sec"
"GEO_GSE333737_MERSCOPE_PANCREAS_VASCULAR",1,"skipped","too few test cells"
"GEO_GSE333737_MERSCOPE_PANCREAS_VASCULAR",2,"failed","too few train or test cells"
"GEO_GSE333737_MERSCOPE_PANCREAS_VASCULAR",3,"failed","too few train or test cells"
"GEO_GSE333737_MERSCOPE_PANCREAS_VASCULAR",4,"skipped","too few test cells"
"GEO_GSE333737_MERSCOPE_PANCREAS_VASCULAR",5,"skipped","too few test cells"
