dataset_id,source_dataset_id,prefix,completed,reused_cached_result,error
SODB_ALLEN2022MOLECULAR_AGING_EXPANDED,SODB:Allen2022Molecular_aging,SODB_ALLEN2022MOLECULAR_AGING_LEAN_BENCHMARK,True,False,
SODB_ALLEN2022MOLECULAR_LPS_EXPANDED,SODB:Allen2022Molecular_lps,SODB_ALLEN2022MOLECULAR_LPS_LEAN_BENCHMARK,True,False,
SODB_BOOESHAGHI2021ISOFORM_EXPANDED,SODB:Booeshaghi2021Isoform,SODB_BOOESHAGHI2021ISOFORM_LEAN_BENCHMARK,True,False,
SODB_CHEN2021DISSECTING_EXPANDED,SODB:chen2021dissecting,SODB_CHEN2021DISSECTING_LEAN_BENCHMARK,True,False,
SODB_CHEN2022SPATIOTEMPORAL_EXPANDED,SODB:chen2022spatiotemporal,SODB_CHEN2022SPATIOTEMPORAL_LEAN_BENCHMARK,True,False,
SODB_CODELUPPI2018SPATIAL_EXPANDED,SODB:codeluppi2018spatial,SODB_CODELUPPI2018SPATIAL_LEAN_BENCHMARK,True,False,
SODB_ENG2019TRANSCRIPTOME_EXPANDED,SODB:eng2019transcriptome,SODB_ENG2019TRANSCRIPTOME_LEAN_BENCHMARK,True,False,
SODB_FANG2022CONSERVATION_EXPANDED,SODB:Fang2022Conservation,SODB_FANG2022CONSERVATION_LEAN_BENCHMARK,True,False,
SODB_HE2020INTEGRATING_EXPANDED,SODB:he2020integrating,SODB_HE2020INTEGRATING_LEAN_BENCHMARK,True,False,
SODB_MARSHALL2022HIGH_HUMAN_EXPANDED,SODB:Marshall2022High_human,SODB_MARSHALL2022HIGH_HUMAN_LEAN_BENCHMARK,True,False,
SODB_MARSHALL2022HIGH_MOUSE_EXPANDED,SODB:Marshall2022High_mouse,SODB_MARSHALL2022HIGH_MOUSE_LEAN_BENCHMARK,True,False,
SODB_SEQFISH_VISP_EXPANDED,SODB:seqFISH_VISp,SODB_SEQFISH_VISP_LEAN_BENCHMARK,True,False,
SODB_SHI2022SPATIAL_EXPANDED,SODB:Shi2022Spatial,SODB_SHI2022SPATIAL_LEAN_BENCHMARK,True,False,
SODB_SUN2021INTEGRATING_EXPANDED,SODB:Sun2021Integrating,SODB_SUN2021INTEGRATING_LEAN_BENCHMARK,True,False,
SODB_WANG2018THREE_1K_EXPANDED,SODB:Wang2018Three_1k,SODB_WANG2018THREE_1K_LEAN_BENCHMARK,True,False,
SODB_WANG2021EASI_EXPANDED,SODB:wang2021easi,SODB_WANG2021EASI_LEAN_BENCHMARK,True,False,
SODB_WANG2022HIGH_EXPANDED,SODB:wang2022high,SODB_WANG2022HIGH_LEAN_BENCHMARK,True,False,
SODB_WEI2022SINGLE_EXPANDED,SODB:wei2022single,SODB_WEI2022SINGLE_LEAN_BENCHMARK,True,False,
SODB_WU2022SPATIAL_EXPANDED,SODB:Wu2022spatial,SODB_WU2022SPATIAL_LEAN_BENCHMARK,True,False,
SODB_ZENG2023INTEGRATIVE_EXPANDED,SODB:Zeng2023Integrative,SODB_ZENG2023INTEGRATIVE_LEAN_BENCHMARK,True,False,
