dataset_id,model,n,accuracy,macro_f1,mean_confidence,mean_margin,conflict_rate
SODB_ALLEN2022MOLECULAR_AGING_EXPANDED,marker_only,8596,0.9214751046998604,0.8696756819954347,0.595041097178516,0.4773445922168459,0.1017915309446254
SODB_ALLEN2022MOLECULAR_AGING_EXPANDED,reference_profile,8596,0.9175197766402978,0.857433700522146,0.6130746991545232,0.4948914063938182,0.1102838529548627
SODB_ALLEN2022MOLECULAR_AGING_EXPANDED,marker_reference_profile,8596,0.9297347603536528,0.8771116043092659,0.609291572687292,0.4936069038230901,0.1055141926477431
SODB_ALLEN2022MOLECULAR_AGING_EXPANDED,marker_learned_neighborhood,8596,0.9160074453234064,0.8647540721792764,0.5616699268635527,0.4434202869219831,0.4058864588180549
SODB_ALLEN2022MOLECULAR_AGING_EXPANDED,learned_random_graph,8596,0.9158911121451838,0.8620649330411103,0.5411096134543473,0.4197058185345205,0.5207073057235924
SODB_ALLEN2022MOLECULAR_AGING_EXPANDED,learned_permuted_prior,8596,0.9160074453234064,0.8608935024430918,0.5519510888322368,0.4327943760507057,0.5004653327128897
SODB_ALLEN2022MOLECULAR_AGING_EXPANDED,marker_context_specific_neighborhood,8596,0.915425779432294,0.8647150450518063,0.5552388431602968,0.4363816196144935,0.5011633317822243
SODB_ALLEN2022MOLECULAR_LPS_EXPANDED,marker_only,8840,0.94920814479638,0.8918010243096987,0.6236163153196245,0.5125905056922604,0.0671945701357466
SODB_ALLEN2022MOLECULAR_LPS_EXPANDED,reference_profile,8840,0.941289592760181,0.8534653770122588,0.6567963165806359,0.5441624660638532,0.0550904977375565
SODB_ALLEN2022MOLECULAR_LPS_EXPANDED,marker_reference_profile,8840,0.9472850678733032,0.878778412918107,0.6448568384976953,0.5346304935754866,0.06210407239819
SODB_ALLEN2022MOLECULAR_LPS_EXPANDED,marker_learned_neighborhood,8840,0.9440045248868778,0.8864065453611144,0.5879067994257874,0.4747103957394319,0.4253393665158371
SODB_ALLEN2022MOLECULAR_LPS_EXPANDED,learned_random_graph,8840,0.945814479638009,0.8841355305827702,0.5721417175983393,0.4561836386386307,0.5230769230769231
SODB_ALLEN2022MOLECULAR_LPS_EXPANDED,learned_permuted_prior,8840,0.9475113122171944,0.8880835034415046,0.5824556635674573,0.4693676667381569,0.4542986425339366
SODB_ALLEN2022MOLECULAR_LPS_EXPANDED,marker_context_specific_neighborhood,8840,0.9394796380090498,0.878426517799234,0.5841551091836383,0.4713656700378166,0.5029411764705882
SODB_BOOESHAGHI2021ISOFORM_EXPANDED,marker_only,3502,0.874357509994289,0.8456120768195902,0.385454986347591,0.2583273913143804,0.1870359794403198
SODB_BOOESHAGHI2021ISOFORM_EXPANDED,reference_profile,3502,0.6490576813249571,0.605049694763984,0.2475796701025691,0.1224122440910704,0.6462021701884637
SODB_BOOESHAGHI2021ISOFORM_EXPANDED,marker_reference_profile,3502,0.8523700742432896,0.8201608623498203,0.3133145115298454,0.1868950611047521,0.3603655054254711
SODB_BOOESHAGHI2021ISOFORM_EXPANDED,marker_learned_neighborhood,3502,0.8720731010850943,0.8425992544073285,0.3525716227028683,0.2281382814075284,0.3757852655625357
SODB_BOOESHAGHI2021ISOFORM_EXPANDED,learned_random_graph,3502,0.8692175899486008,0.8404284888645276,0.3340530241756623,0.2105194734634277,0.4037692747001713
SODB_BOOESHAGHI2021ISOFORM_EXPANDED,learned_permuted_prior,3502,0.8837806967447173,0.8563944199814076,0.3477136619686664,0.2261876231725771,0.4094802969731582
SODB_BOOESHAGHI2021ISOFORM_EXPANDED,marker_context_specific_neighborhood,3502,0.8666476299257567,0.8352336367078891,0.3485208250170573,0.2225145474259628,0.4900057110222729
SODB_CHEN2021DISSECTING_EXPANDED,marker_only,8711,0.3352083572494547,0.3100635508448184,0.428748483812341,0.259962881334548,0.4001836758121915
SODB_CHEN2021DISSECTING_EXPANDED,reference_profile,8711,0.2972104236023418,0.2610931170801954,0.2546810899615985,0.0770961560510747,0.7471013660888531
SODB_CHEN2021DISSECTING_EXPANDED,marker_reference_profile,8711,0.3327976122144415,0.308610962138985,0.3484698357043214,0.1801163963513683,0.5956836184135001
SODB_CHEN2021DISSECTING_EXPANDED,marker_learned_neighborhood,8711,0.3375043049018482,0.3105287544808155,0.4104925489906939,0.2408724931182604,0.6428653426701871
SODB_CHEN2021DISSECTING_EXPANDED,learned_random_graph,8711,0.3317644357708644,0.3062705527861097,0.4025636981593763,0.2337366170544479,0.6814372632303983
SODB_CHEN2021DISSECTING_EXPANDED,learned_permuted_prior,8711,0.3356675467799334,0.3088694723240687,0.4087701369014049,0.2389208259764682,0.6143955917805074
SODB_CHEN2021DISSECTING_EXPANDED,marker_context_specific_neighborhood,8711,0.3384226839628056,0.3106332693461356,0.4082244605855999,0.2395673486678922,0.6866031454482838
SODB_CHEN2022SPATIOTEMPORAL_EXPANDED,marker_only,18360,0.0953703703703703,0.0674716816397758,0.2637572319891729,0.1337598888756856,0.5724400871459695
SODB_CHEN2022SPATIOTEMPORAL_EXPANDED,reference_profile,18360,0.0849673202614379,0.0589134103262458,0.1555235740637314,0.0424813796935083,0.8346949891067538
SODB_CHEN2022SPATIOTEMPORAL_EXPANDED,marker_reference_profile,18360,0.1021241830065359,0.0701036904612584,0.1867495825343042,0.0683064768861266,0.7785403050108932
SODB_CHEN2022SPATIOTEMPORAL_EXPANDED,marker_learned_neighborhood,18360,0.1028322440087146,0.0715844360265938,0.242243249489643,0.1152689987151551,0.7094226579520697
SODB_CHEN2022SPATIOTEMPORAL_EXPANDED,learned_random_graph,18360,0.0940087145969498,0.0667628640257365,0.2354412050195258,0.1117195333293522,0.7264705882352941
SODB_CHEN2022SPATIOTEMPORAL_EXPANDED,learned_permuted_prior,18360,0.1066448801742919,0.0749805602046104,0.2459418941033559,0.1192176669349455,0.7142701525054467
SODB_CHEN2022SPATIOTEMPORAL_EXPANDED,marker_context_specific_neighborhood,18360,0.0987472766884531,0.0688148297803187,0.2392048814947435,0.1128641933000951,0.7389978213507625
SODB_CODELUPPI2018SPATIAL_EXPANDED,marker_only,5328,0.506006006006006,0.4289508864579776,0.4506863635678195,0.3283656822721043,0.3078078078078078
SODB_CODELUPPI2018SPATIAL_EXPANDED,reference_profile,5328,0.4891141141141141,0.4496540978833024,0.3810294193442621,0.2590851533865945,0.3887012012012012
SODB_CODELUPPI2018SPATIAL_EXPANDED,marker_reference_profile,5328,0.5463588588588588,0.4904389946746919,0.4051750810705883,0.2769085010939225,0.4649024024024024
SODB_CODELUPPI2018SPATIAL_EXPANDED,marker_learned_neighborhood,5328,0.5165165165165165,0.4409456896770928,0.4141116978574277,0.2917733975088608,0.5921546546546547
SODB_CODELUPPI2018SPATIAL_EXPANDED,learned_random_graph,5328,0.5095720720720721,0.4323984959934982,0.4110176738481825,0.2903538803508131,0.5296546546546547
SODB_CODELUPPI2018SPATIAL_EXPANDED,learned_permuted_prior,5328,0.5127627627627628,0.4360083915705383,0.4147078466047678,0.2949355604041929,0.5152027027027027
SODB_CODELUPPI2018SPATIAL_EXPANDED,marker_context_specific_neighborhood,5328,0.5140765765765766,0.4387138770565891,0.4101353287717391,0.2882588034034111,0.5497372372372372
SODB_ENG2019TRANSCRIPTOME_EXPANDED,marker_only,1826,0.5191675794085433,0.4268450518905201,0.5175063387917866,0.3703898020631551,0.3493975903614458
SODB_ENG2019TRANSCRIPTOME_EXPANDED,reference_profile,1826,0.5131434830230011,0.357725669285814,0.2558887343245199,0.0778270514789843,0.7387732749178533
SODB_ENG2019TRANSCRIPTOME_EXPANDED,marker_reference_profile,1826,0.5394304490690033,0.4258145865152181,0.4221377073447712,0.2637988938420863,0.4622124863088718
SODB_ENG2019TRANSCRIPTOME_EXPANDED,marker_learned_neighborhood,1826,0.5153340635268346,0.4231536894614967,0.4911351036351692,0.3416640131827035,0.6900328587075575
SODB_ENG2019TRANSCRIPTOME_EXPANDED,learned_random_graph,1826,0.5125958378970427,0.4211392807830061,0.4911177011921563,0.3412932855938704,0.6582694414019715
SODB_ENG2019TRANSCRIPTOME_EXPANDED,learned_permuted_prior,1826,0.5082146768893757,0.4244139015001533,0.4897004196414689,0.3400057328447415,0.7371303395399781
SODB_ENG2019TRANSCRIPTOME_EXPANDED,marker_context_specific_neighborhood,1826,0.5191675794085433,0.4265821291278406,0.4918417852044301,0.3433777767434661,0.7141292442497261
SODB_FANG2022CONSERVATION_EXPANDED,marker_only,11648,0.8894230769230769,0.8443153387269835,0.5558023661131201,0.4612201351245699,0.1788289835164835
SODB_FANG2022CONSERVATION_EXPANDED,reference_profile,11648,0.8300137362637363,0.833483343657115,0.3547903170139929,0.2443727483889976,0.404532967032967
SODB_FANG2022CONSERVATION_EXPANDED,marker_reference_profile,11648,0.8999828296703297,0.8964015747918403,0.4770724227277828,0.3785020897556642,0.2163461538461538
SODB_FANG2022CONSERVATION_EXPANDED,marker_learned_neighborhood,11648,0.8913976648351648,0.8495899359105521,0.5186581449025627,0.4213886067525524,0.4494333791208791
SODB_FANG2022CONSERVATION_EXPANDED,learned_random_graph,11648,0.8818681318681318,0.8360595168021931,0.5090834404070134,0.411239447590244,0.4639423076923077
SODB_FANG2022CONSERVATION_EXPANDED,learned_permuted_prior,11648,0.8862465659340659,0.8395632801533153,0.5136788233444608,0.4159871186010291,0.4550137362637362
SODB_FANG2022CONSERVATION_EXPANDED,marker_context_specific_neighborhood,11648,0.8907967032967034,0.8490288881455078,0.5162995622461831,0.4193932717136324,0.46875
SODB_HE2020INTEGRATING_EXPANDED,marker_only,2000,0.7835,0.7834999458749865,0.7802512497934578,0.5605024995869158,0.079
SODB_HE2020INTEGRATING_EXPANDED,reference_profile,2000,0.694,0.694,0.7671967861956135,0.5343935723912272,0.0715
SODB_HE2020INTEGRATING_EXPANDED,marker_reference_profile,2000,0.808,0.807374158641426,0.7633105652238419,0.5266211304476835,0.271
SODB_HE2020INTEGRATING_EXPANDED,marker_learned_neighborhood,2000,0.7875,0.7874986718666992,0.7781860101267566,0.5563720202535133,0.195
SODB_HE2020INTEGRATING_EXPANDED,learned_random_graph,2000,0.78,0.7799991199964801,0.778917483538983,0.557834967077966,0.24
SODB_HE2020INTEGRATING_EXPANDED,learned_permuted_prior,2000,0.7875,0.7874986718666992,0.7781860101267566,0.5563720202535133,0.195
SODB_HE2020INTEGRATING_EXPANDED,marker_context_specific_neighborhood,2000,0.794,0.7939899055053699,0.7699855704399396,0.5399711408798793,0.395
SODB_MARSHALL2022HIGH_HUMAN_EXPANDED,marker_only,13496,0.1805720213396562,0.1030523852911545,0.3005018920033573,0.1581886055595966,0.5283046828689982
SODB_MARSHALL2022HIGH_HUMAN_EXPANDED,reference_profile,13496,0.1549347954949614,0.0776019805807621,0.1645265624676559,0.0745047609492627,0.7622258446947243
SODB_MARSHALL2022HIGH_HUMAN_EXPANDED,marker_reference_profile,13496,0.18479549496147,0.0986337231582692,0.2206778695436928,0.1009132804445882,0.7006520450503853
SODB_MARSHALL2022HIGH_HUMAN_EXPANDED,marker_learned_neighborhood,13496,0.187759336099585,0.105554299536249,0.2817547146515659,0.1432752195107675,0.6856846473029046
SODB_MARSHALL2022HIGH_HUMAN_EXPANDED,learned_random_graph,13496,0.1778304682868998,0.1009863035598646,0.2709986816661587,0.133539657501439,0.7164344991108477
SODB_MARSHALL2022HIGH_HUMAN_EXPANDED,learned_permuted_prior,13496,0.1841286307053942,0.1053949509640411,0.2782160451854358,0.1401198032028764,0.6867960877296977
SODB_MARSHALL2022HIGH_HUMAN_EXPANDED,marker_context_specific_neighborhood,13496,0.1826467101363366,0.1043229647014375,0.2780333443321483,0.1396448464164744,0.6716804979253111
SODB_MARSHALL2022HIGH_MOUSE_EXPANDED,marker_only,8746,0.2689229361994054,0.2146067777508915,0.3682741933433773,0.224013311545668,0.4295678024239652
SODB_MARSHALL2022HIGH_MOUSE_EXPANDED,reference_profile,8746,0.1852275325863251,0.1461001344963471,0.1597465388805533,0.0677178584656318,0.7564600960439057
SODB_MARSHALL2022HIGH_MOUSE_EXPANDED,marker_reference_profile,8746,0.2742968214040704,0.21574587722809,0.2506182814164273,0.1218387417487947,0.6892293619940544
SODB_MARSHALL2022HIGH_MOUSE_EXPANDED,marker_learned_neighborhood,8746,0.2722387377086668,0.2166719796045464,0.344794793404859,0.2012147712408879,0.5706608735421907
SODB_MARSHALL2022HIGH_MOUSE_EXPANDED,learned_random_graph,8746,0.2669791904870798,0.21214635470737,0.3368568754439749,0.1944699687046995,0.6209695860965012
SODB_MARSHALL2022HIGH_MOUSE_EXPANDED,learned_permuted_prior,8746,0.2718957237594329,0.2150745880553347,0.3472104128485819,0.2058767249931632,0.6511548136290876
SODB_MARSHALL2022HIGH_MOUSE_EXPANDED,marker_context_specific_neighborhood,8746,0.2713240338440429,0.2175675639915393,0.3380647698511151,0.1940796501435481,0.6957466270294992
SODB_SEQFISH_VISP_EXPANDED,marker_only,2721,0.4862183020948181,0.4565182474666224,0.4598697905337996,0.2575730282859246,0.2524807056229327
SODB_SEQFISH_VISP_EXPANDED,reference_profile,2721,0.3778022785740536,0.3591363611503473,0.3624600371423904,0.1454503004892367,0.5141492098493201
SODB_SEQFISH_VISP_EXPANDED,marker_reference_profile,2721,0.4531422271223815,0.4262395644801771,0.4041132280968129,0.1939570868976309,0.4027930907754502
SODB_SEQFISH_VISP_EXPANDED,marker_learned_neighborhood,2721,0.5082690187431091,0.4763864190209682,0.4478360256883297,0.2442054564438633,0.5045938993017273
SODB_SEQFISH_VISP_EXPANDED,learned_random_graph,2721,0.5042263873575891,0.4756328050216803,0.4412757434851274,0.2364280410404361,0.5880191106210951
SODB_SEQFISH_VISP_EXPANDED,learned_permuted_prior,2721,0.5292171995589857,0.4946717018897287,0.4570121307311039,0.2574845171724836,0.474090407938258
SODB_SEQFISH_VISP_EXPANDED,marker_context_specific_neighborhood,2721,0.4843807423741271,0.4523467357321039,0.4363897377742495,0.2339302232209507,0.6380007350238883
SODB_SHI2022SPATIAL_EXPANDED,marker_only,11310,0.6424403183023872,0.5133567730943944,0.4238097548089462,0.3098734161518273,0.3055702917771883
SODB_SHI2022SPATIAL_EXPANDED,reference_profile,11310,0.6387267904509284,0.5001572966370211,0.4118807894183349,0.2967651809217319,0.3136162687886826
SODB_SHI2022SPATIAL_EXPANDED,marker_reference_profile,11310,0.6586206896551724,0.5274674994479865,0.4185818026097256,0.3063632110775075,0.3206896551724137
SODB_SHI2022SPATIAL_EXPANDED,marker_learned_neighborhood,11310,0.6473032714412025,0.5177787905594121,0.3919025075011271,0.2785192794212814,0.5325375773651636
SODB_SHI2022SPATIAL_EXPANDED,learned_random_graph,11310,0.6396109637488948,0.5109769621304643,0.3763570855875177,0.2654625810598162,0.4910698496905393
SODB_SHI2022SPATIAL_EXPANDED,learned_permuted_prior,11310,0.6636604774535809,0.5302002612898827,0.3925956059392412,0.2816633638295187,0.5392572944297083
SODB_SHI2022SPATIAL_EXPANDED,marker_context_specific_neighborhood,11310,0.6397877984084881,0.5118180804928583,0.3876755383334671,0.2749231238505152,0.5429708222811671
SODB_SUN2021INTEGRATING_EXPANDED,marker_only,5831,0.3968444520665409,0.3326266562764655,0.4512849704251571,0.2614167536299295,0.2454124506945635
SODB_SUN2021INTEGRATING_EXPANDED,reference_profile,5831,0.400102898302178,0.3300572625918087,0.4392566655765103,0.2454901120797369,0.2591322243182987
SODB_SUN2021INTEGRATING_EXPANDED,marker_reference_profile,5831,0.400102898302178,0.3317057420492314,0.4454307193176419,0.2544534134434377,0.253987309209398
SODB_SUN2021INTEGRATING_EXPANDED,marker_learned_neighborhood,5831,0.4169096209912536,0.3514735952091016,0.4332261843890124,0.2450089011520946,0.5239238552563883
SODB_SUN2021INTEGRATING_EXPANDED,learned_random_graph,5831,0.3944434916823872,0.3301421926648284,0.413442595599748,0.2236918304906378,0.7166866746698679
SODB_SUN2021INTEGRATING_EXPANDED,learned_permuted_prior,5831,0.4287429257417253,0.3657696572045449,0.4350976566290467,0.2476038648709032,0.5023152117990053
SODB_SUN2021INTEGRATING_EXPANDED,marker_context_specific_neighborhood,5831,0.4138226719259132,0.347657663102339,0.4287754314468664,0.2403112936006551,0.5547933459097925
SODB_WANG2018THREE_1K_EXPANDED,marker_only,872,0.7041284403669725,0.6994138701042749,0.5121807228315854,0.3757735524577688,0.2133027522935779
SODB_WANG2018THREE_1K_EXPANDED,reference_profile,872,0.6674311926605505,0.6345485455995324,0.3312040959381694,0.1634953105915898,0.4174311926605504
SODB_WANG2018THREE_1K_EXPANDED,marker_reference_profile,872,0.7247706422018348,0.7151634789727283,0.4305729801263681,0.2833068230261433,0.3268348623853211
SODB_WANG2018THREE_1K_EXPANDED,marker_learned_neighborhood,872,0.7075688073394495,0.6984334796477838,0.5062904643438986,0.3708849189582566,0.4678899082568807
SODB_WANG2018THREE_1K_EXPANDED,learned_random_graph,872,0.7110091743119266,0.6996673176347007,0.4889491994551923,0.352425782873185,0.5642201834862385
SODB_WANG2018THREE_1K_EXPANDED,learned_permuted_prior,872,0.7098623853211009,0.701020058059129,0.4900361828101121,0.3533912608965258,0.569954128440367
SODB_WANG2018THREE_1K_EXPANDED,marker_context_specific_neighborhood,872,0.7029816513761468,0.7015183207312397,0.4944308365427714,0.3585406137708327,0.4827981651376147
SODB_WANG2021EASI_EXPANDED,marker_only,46720,0.5071917808219178,0.4640623770314406,0.2215935219265772,0.1238991785632723,0.6560145547945205
SODB_WANG2021EASI_EXPANDED,reference_profile,46720,0.5469820205479452,0.4999416124318692,0.1938549945037775,0.1108707695450888,0.6748287671232877
SODB_WANG2021EASI_EXPANDED,marker_reference_profile,46720,0.6046232876712329,0.5607353712051069,0.1997136078271389,0.1137047229823603,0.7141909246575342
SODB_WANG2021EASI_EXPANDED,marker_learned_neighborhood,46720,0.5339469178082191,0.4973373111571549,0.2010960658344302,0.1088499256557149,0.7399400684931506
SODB_WANG2021EASI_EXPANDED,learned_random_graph,46720,0.5075556506849315,0.4661616938380701,0.192323340066418,0.1029716790096298,0.7282320205479452
SODB_WANG2021EASI_EXPANDED,learned_permuted_prior,46720,0.4992508561643836,0.4569097701282169,0.1965214180095539,0.1060104236644626,0.7447773972602739
SODB_WANG2021EASI_EXPANDED,marker_context_specific_neighborhood,46720,0.529708904109589,0.4924198977328429,0.1996362653996644,0.1079224605462022,0.7366866438356164
SODB_WANG2022HIGH_EXPANDED,marker_only,8589,0.633018977762254,0.6202406634045301,0.4733769945377593,0.3155501721328909,0.2511351728955641
SODB_WANG2022HIGH_EXPANDED,reference_profile,8589,0.63336826173012,0.6131082879420474,0.513991057730707,0.3614704211168164,0.2326231225986727
SODB_WANG2022HIGH_EXPANDED,marker_reference_profile,8589,0.6454767726161369,0.6292202635575211,0.4941685547213837,0.3402504658600251,0.2555594364885318
SODB_WANG2022HIGH_EXPANDED,marker_learned_neighborhood,8589,0.6374432413552218,0.6239743396470722,0.4460051670691837,0.2861372832274885,0.5328909069740365
SODB_WANG2022HIGH_EXPANDED,learned_random_graph,8589,0.6336011177086972,0.6204134537705455,0.4441367120679856,0.2842649023758375,0.5497729654208872
SODB_WANG2022HIGH_EXPANDED,learned_permuted_prior,8589,0.6408196530445919,0.6283251737527309,0.4450239431881465,0.285558698466876,0.6000698567935732
SODB_WANG2022HIGH_EXPANDED,marker_context_specific_neighborhood,8589,0.6331354057515427,0.6199436376280847,0.4391558426156984,0.2803189586193312,0.6332518337408313
SODB_WEI2022SINGLE_EXPANDED,marker_only,14710,0.0983004758667573,0.0545431921974336,0.2568719889103992,0.1088721048273375,0.5870836165873555
SODB_WEI2022SINGLE_EXPANDED,reference_profile,14710,0.0910944935418082,0.0545720311693017,0.1982576600480251,0.0657890070586021,0.7600951733514616
SODB_WEI2022SINGLE_EXPANDED,marker_reference_profile,14710,0.1040788579197824,0.056815005972584,0.2125667116104051,0.0764035908281164,0.7519374575118967
SODB_WEI2022SINGLE_EXPANDED,marker_learned_neighborhood,14710,0.0997280761386811,0.0557841815733643,0.253777256748587,0.105981564701367,0.66743711760707
SODB_WEI2022SINGLE_EXPANDED,learned_random_graph,14710,0.0958531611148878,0.0529327089384509,0.2288430060097917,0.0890467289239432,0.7590074779061863
SODB_WEI2022SINGLE_EXPANDED,learned_permuted_prior,14710,0.1014276002719238,0.0561002287828755,0.2494744211395189,0.1055121339160327,0.7426920462270564
SODB_WEI2022SINGLE_EXPANDED,marker_context_specific_neighborhood,14710,0.0980965329707681,0.0544245091617568,0.2470009575841723,0.1011521177445654,0.7038069340584636
SODB_WU2022SPATIAL_EXPANDED,marker_only,8102,0.5385090101209578,0.4660917752931733,0.3004657220136522,0.149563581176828,0.4793878054801284
SODB_WU2022SPATIAL_EXPANDED,reference_profile,8102,0.454949395211059,0.3695668105681102,0.2505305499310609,0.1178798295405617,0.6295976302147618
SODB_WU2022SPATIAL_EXPANDED,marker_reference_profile,8102,0.5315971365095038,0.4569462329777376,0.2648368541446737,0.1218565665709538,0.6158973093063441
SODB_WU2022SPATIAL_EXPANDED,marker_learned_neighborhood,8102,0.5512219205134534,0.4786266787562528,0.3024072539366478,0.1535362425329275,0.5850407306837818
SODB_WU2022SPATIAL_EXPANDED,learned_random_graph,8102,0.5438163416440385,0.4750549906607434,0.2851064811411224,0.1351849630287475,0.6613181930387558
SODB_WU2022SPATIAL_EXPANDED,learned_permuted_prior,8102,0.5580103678104171,0.4856110060470099,0.304224565279033,0.1566443867650507,0.6133053567020489
SODB_WU2022SPATIAL_EXPANDED,marker_context_specific_neighborhood,8102,0.5333251049123673,0.461038501689986,0.2861124336515112,0.138041001597129,0.668847198222661
SODB_ZENG2023INTEGRATIVE_EXPANDED,marker_only,11199,0.7532815429949102,0.7120578085351029,0.419892573997502,0.2783733052681645,0.2897580141084025
SODB_ZENG2023INTEGRATIVE_EXPANDED,reference_profile,11199,0.7193499419591035,0.6904918702243242,0.2325517281737733,0.0948663090943341,0.6327350656308599
SODB_ZENG2023INTEGRATIVE_EXPANDED,marker_reference_profile,11199,0.7696222877042593,0.7286534831314992,0.3265888647714401,0.1867641902847338,0.3980712563621752
SODB_ZENG2023INTEGRATIVE_EXPANDED,marker_learned_neighborhood,11199,0.777837306902402,0.7368639276118087,0.4055076869290708,0.2636461481946882,0.4426288061434056
SODB_ZENG2023INTEGRATIVE_EXPANDED,learned_random_graph,11199,0.7497097955174569,0.7087800870266274,0.3785647839092505,0.2382958807278186,0.5507634610233056
SODB_ZENG2023INTEGRATIVE_EXPANDED,learned_permuted_prior,11199,0.7603357442628806,0.7202024617050367,0.3978579242384689,0.2586912589120833,0.5512099294579873
SODB_ZENG2023INTEGRATIVE_EXPANDED,marker_context_specific_neighborhood,11199,0.7720332172515403,0.731113839506262,0.3952113590154016,0.2523945125794448,0.4741494776319314
