dataset_id,marker_macro_f1,learned_macro_f1,learned_random_macro_f1,learned_permuted_macro_f1,learned_specific_macro_f1_delta,learned_specific_accuracy_delta,learned_passes_guardrail,context_specific_macro_f1,context_specific_accuracy,context_specific_macro_f1_delta,context_specific_accuracy_delta,context_specific_passes_guardrail,interpretation
SODB_10X_EXPANDED,0.4191317841868986,0.430728175504654,0.4242335243417844,0.4251517720740725,0.0055764034305814,0.0011223344556677,True,0.4338327540580518,0.4451926674148896,0.0031045785533978,0.0044893378226711,False,learned neighborhood passes null guardrail
SODB_BACKDAHL2021SPATIAL_EXPANDED,0.3710001295372521,0.3734736363285141,0.3710804753042141,0.3624843871217471,0.0023931610242999,0.0043832185347526,False,0.3610395821855484,0.382592360676268,-0.0124340541429656,-0.0131496556042579,False,context signal is not specific under null controls
SODB_BARKLEY2022CANCER_EXPANDED,0.3546331742528681,0.3643902753260813,0.3591507058371919,0.3649714181965203,-0.0005811428704389,-0.0010828370330265,False,0.3603542909625252,0.3806172171088251,-0.004617127233995,-0.0037899296155928,False,context signal is not specific under null controls
SODB_BERGENSTRAHLE2021SUPER_EXPANDED,0.4622321809666397,0.4714445136712434,0.4795503314659278,0.479320729438943,-0.0081058177946843,-0.0114358322744599,False,0.4522535840822374,0.459127488352393,-0.0272967473836903,-0.0326132994493859,False,context signal is not specific under null controls
SODB_BERGLUND2018SPATIAL_EXPANDED,0.2993632931496255,0.3035799694410571,0.3070459562864143,0.3027119925345156,-0.0034659868453572,-0.0042643923240938,False,0.2949291867604661,0.2963752665245202,-0.0121167695259482,-0.0149253731343284,False,context signal is not specific under null controls
SODB_BIERMANN2022DISSECTING_EXPANDED,0.461928712501034,0.4555538923368417,0.4630190093086697,0.4477511038657219,-0.0074651169718279,-0.0067358967162503,False,0.4545249197831545,0.4695481335952848,-0.0084940895255151,-0.0081392085321358,False,context signal is not specific under null controls
SODB_BORM2022SCALABLE_EXPANDED,0.6515088213230291,0.6606795215313308,0.6548085945748778,0.6530420140510309,0.0058709269564529,0.0049230769230769,True,0.6526092728074377,0.6673846153846154,-0.008070248723893,-0.0089230769230769,False,learned neighborhood passes null guardrail
SODB_BUZZI2022SPATIAL_EXPANDED,0.5495914962733114,0.5432366220712296,0.5387267002034317,0.5777521282874876,-0.0345155062162579,-0.034610630407911,False,0.5336764860116074,0.5360527400082407,-0.0440756422758801,-0.0449114132674083,False,context signal is not specific under null controls
SODB_CHEN2020SPATIAL_EXPANDED,0.5980826861550237,0.6268988272449463,0.623702389228705,0.6202178576892351,0.0031964380162412,0.0,False,0.6078208246302245,0.6152125279642058,-0.0190780026147218,-0.0156599552572707,False,context signal is not specific under null controls
SODB_CHEN2021DECODING_EXPANDED,0.3857489699275004,0.4029757676471621,0.3924795465170079,0.3928973128582693,0.0100784547888927,0.011251372118551,True,0.3997278582476272,0.4440175631174533,-0.0032479093995348,-0.0045279912184412,False,learned neighborhood passes null guardrail
SODB_DHAINAUT2022SPATIAL_EXPANDED,0.4973782016086081,0.5149473918997423,0.5130485749761599,0.5119293989109582,0.0018988169235824,0.0008038585209002,False,0.5111103039272964,0.5128617363344051,-0.0038370879724458,-0.0016077170418006,False,context signal is not specific under null controls
SODB_DIXON2022SPATIALLY_EXPANDED,0.5357145972779993,0.5448846666217763,0.5427713950207885,0.5535107906643018,-0.0086261240425254,-0.0058584948174853,False,0.5362194320381749,0.604776926543488,-0.0172913586261268,-0.0094637223974763,False,context signal is not specific under null controls
SODB_FAWKNER2021SPATIOTEMPORAL_EXPANDED,0.5137617577730302,0.5147922896604733,0.5133528106598295,0.5079655684685538,0.001030531887443,0.0020424836601307,False,0.5135376076512972,0.5919117647058824,-0.0012546820091761,0.0012254901960784,False,context signal is not specific under null controls
SODB_FU2021UNSUPERVISED_EXPANDED,0.4613871267667851,0.4579092413051287,0.4571232745217448,0.45876620791061,-0.0034778854616563,-0.0044886807181889,False,0.4585097678369021,0.4823380171740827,-0.0028773589298829,-0.0040983606557377,False,context signal is not specific under null controls
SODB_GARCIA2021MAPPING_EXPANDED,0.5109940823977925,0.5121399980483051,0.5090384468070748,0.4926916145289895,0.0011459156505125,0.0015948963317383,False,0.5153546731594055,0.5669856459330144,0.0032146751111004,0.0015948963317384,False,context signal is not specific under null controls
SODB_GOUIN2021AN_EXPANDED,0.4767926541912087,0.4939428978789176,0.4919753281423474,0.4842621706418417,0.0019675697365702,0.0012285012285011,False,0.4796213165093028,0.4877149877149877,-0.0143215813696148,-0.0147420147420146,False,context signal is not specific under null controls
SODB_GUILLIAMS2022SPATIAL_EXPANDED,0.4846045240203896,0.4904630728886136,0.4846195277208995,0.4684682759276187,0.0058435451677141,0.0093984962406014,True,0.4879441260585749,0.5601503759398496,-0.0025189468300387,-0.0018796992481202,False,learned neighborhood passes null guardrail
SODB_HUNTER2021SPATIALLY_EXPANDED,0.4570634802273124,0.4784072818572383,0.4748575360049123,0.4747601792020389,0.003549745852326,0.005014625992478,False,0.4506500380597646,0.5048056832427915,-0.0277572437974737,-0.036773923944839,False,context signal is not specific under null controls
SODB_JI2020MULTIMODAL_EXPANDED,0.4302037724771436,0.4391414866563414,0.4423269065930237,0.4299266752266681,-0.0031854199366823,-0.0016447368421053,False,0.4359621384832463,0.4391447368421052,-0.0063647681097774,-0.0049342105263158,False,context signal is not specific under null controls
SODB_JUNTARO2022MEK_EXPANDED,0.4085878888101186,0.4206705128985138,0.4213796026154376,0.4152635104174941,-0.0007090897169237,-0.0016467682173734,False,0.4154821189404671,0.4512144915603129,-0.0058974836749705,-0.0041169205434334,False,context signal is not specific under null controls
SODB_KADUR2022HUMAN_EXPANDED,0.4774844339765659,0.4944912397971996,0.4815172738341398,0.4748003750756588,0.0129739659630598,0.0111396743787489,True,0.4785875476416461,0.5732647814910026,-0.0159036921555535,-0.014567266495287,False,learned neighborhood passes null guardrail
SODB_KONIECZNY2022INTERLEUKIN_EXPANDED,0.5820821929876836,0.5812864840398122,0.5780868130408043,0.5987772073972732,-0.017490723357461,-0.0237623762376237,False,0.5792812924705667,0.6079207920792079,-0.0194959149267065,-0.0237623762376237,False,context signal is not specific under null controls
SODB_KVASTAD2021THE_EXPANDED,0.3367059780446187,0.3369322119109397,0.3332001907453047,0.335807005304877,0.000226233866321,0.0020060180541625,False,0.3268817821549504,0.3701103309929789,-0.0100504297559892,-0.0080240722166499,False,context signal is not specific under null controls
SODB_LEBRIGAND2022THE_EXPANDED,0.799069951398042,0.818067810410302,0.8017475415097761,0.8134859560660394,0.0045818543442626,0.0033259423503326,False,0.815904231948967,0.8192904656319291,-0.0021635784613349,-0.0011086474501108,False,context signal is not specific under null controls
SODB_LIU2022SPATIOTEMPORAL_EXPANDED,0.3396978990896906,0.3396350139574131,0.3395197918526802,0.336106779461958,-6.288513227753478e-05,0.0002141327623126,False,0.3368137723598416,0.3640256959314775,-0.002884126729849,-0.0034261241970021,False,context signal is not specific under null controls
SODB_MANTRI2021SPATIOTEMPORAL_EXPANDED,0.6307386566171039,0.6423705138297051,0.6205246361969191,0.6306791894528585,0.0116318572126011,0.0107095046854083,True,0.6266565538752222,0.6385542168674698,-0.0157139599544828,-0.0174029451137885,False,learned neighborhood passes null guardrail
SODB_MAYNARD2021TRANS_EXPANDED,0.5103114869555623,0.5219920651523915,0.525081559488912,0.5297225998447843,-0.0077305346923928,-0.0065337001375516,False,0.5094979412043497,0.5257909215955984,-0.0202246586404346,-0.0189133425034387,False,context signal is not specific under null controls
SODB_MELO2021INTEGRATING_EXPANDED,0.4822879461018888,0.4925326330180702,0.4821603893467966,0.4948700066596692,-0.002337373641599,-0.0046558031260393,False,0.4858943306808475,0.5277685400731627,-0.0089756759788217,-0.0089790488859328,False,context signal is not specific under null controls
SODB_MERFISH_VISP_EXPANDED,0.6818045027495311,0.6944529696631154,0.693203433789094,0.6847100751808236,0.0012495358740214,-0.0004168403501458,False,0.6908735327670869,0.7177990829512296,-0.0035794368960285,-0.003751563151313,False,context signal is not specific under null controls
SODB_MISRA2021CHARACTERIZING_EXPANDED,0.355114774532668,0.3516534344628924,0.3409825560698942,0.3454423473651269,-0.0034613400697756,-0.0052137643378519,False,0.3587268224364081,0.3691345151199166,0.00361204790374,-0.0031282586027111,False,context signal is not specific under null controls
SODB_PARIGI2022THE_EXPANDED,0.5342912837215923,0.5476771366945733,0.5442943777626564,0.5490002234345329,-0.0013230867399596,-0.0070963926670608,False,0.5317171425081074,0.5688941454760497,-0.0172830809264254,-0.0227675931401537,False,context signal is not specific under null controls
SODB_PASCUAL2021DIETARY_EXPANDED,0.4602018806204477,0.4556241293071695,0.4504921946297929,0.47246463154435,-0.0168405022371805,-0.0181245074862095,False,0.4344201562181313,0.4720252167060678,-0.0380444753262186,-0.0370370370370369,False,context signal is not specific under null controls
SODB_RATZ2022CLONAL_EXPANDED,0.6496420885037965,0.6583115456173376,0.6511979325411967,0.6770273684078777,-0.01871582279054,-0.0150122549019607,False,0.6481133328200865,0.6850490196078431,-0.0289140355877911,-0.025735294117647,False,context signal is not specific under null controls
SODB_RODRIQUES2019SLIDE_EXPANDED,0.5647477045003804,0.5607104136268882,0.5612183881418104,0.5600732866416545,-0.0040372908734921,-0.0053191489361701,False,0.5594035615687625,0.5582446808510638,-0.0053441429316178,-0.0069148936170212,False,context signal is not specific under null controls
SODB_STICKELS2020HIGHLY_EXPANDED,0.356907353348859,0.352072655159572,0.3517820719171104,0.3505749744798002,-0.004834698189287,-0.0022001047668936,False,0.3519111799683016,0.3876375065479308,-0.0049961733805574,-0.0048192771084337,False,context signal is not specific under null controls
SODB_VICKOVIC2019HIGH_UPDATE_EXPANDED,0.5256938463310847,0.5236379173484138,0.5228621777900528,0.5210665737957336,-0.0020559289826709,-0.0024886234357224,False,0.5215265925131616,0.573947667804323,-0.0041672538179231,-0.0024175199089875,False,context signal is not specific under null controls
SODB_VISIUM_ALLEN_EXPANDED,0.4191449838229577,0.4311104914494379,0.4146539670031001,0.4186811390140624,0.0119655076264802,0.0104333868378812,True,0.4324828684303782,0.4803370786516854,0.0013723769809402,0.001605136436597,False,learned neighborhood passes null guardrail
SODB_XIA2019SPATIAL_EXPANDED,0.547424774636151,0.5820195156774021,0.5491767963650348,0.5605289902495363,0.0214905254278657,0.0198019801980198,True,0.5595655998419707,0.5841584158415841,-0.0224539158354313,-0.0280528052805281,False,learned neighborhood passes null guardrail
SODB_ZHANG2023AMOLECULARLY_RAWCOUNT_EXPANDED,0.826355405362269,0.8221843858211592,0.8217661447165886,0.8241429796562342,-0.0041710195411098,-0.0043746783324756,False,0.8205250699965112,0.851775604734946,-0.0058303353657578,-0.0074626865671642,False,context signal is not specific under null controls
