dataset_name,experiment_name,file_path,n_obs,n_vars,n_clusters,size_mb,selection_score,selected,rank
Fu2021Unsupervised,StereoSeq_MOB,D:\NicheTypeR_SODB_CACHE\Fu2021Unsupervised\StereoSeq_MOB.h5ad,19109,27106,24,87.378,102075.47276096449,True,1
stickels2020highly,stickels2021highly_SlideSeqV2_Mouse_Olfactory_bulb_Puck_200127_15,D:\NicheTypeR_SODB_CACHE\stickels2020highly\stickels2021highly_SlideSeqV2_Mouse_Olfactory_bulb_Puck_200127_15.h5ad,21724,21220,31,119.273,99627.4653641105,True,2
Vickovic2019high_update,MOB_CN24E1,D:\NicheTypeR_SODB_CACHE\Vickovic2019high_update\MOB_CN24E1.h5ad,22229,18652,72,33.538,98337.62270044563,True,3
Biermann2022Dissecting,GSM6025937_MBM05_rep3,D:\NicheTypeR_SODB_CACHE\Biermann2022Dissecting\GSM6025937_MBM05_rep3.h5ad,6308,24992,8,40.741,63877.02251576816,True,4
Borm2022Scalable,mouse_brain,D:\NicheTypeR_SODB_CACHE\Borm2022Scalable\mouse_brain.h5ad,127591,440,13,149.594,60890.44875446846,True,5
chen2021decoding,mouse2_slice1,D:\NicheTypeR_SODB_CACHE\chen2021decoding\mouse2_slice1.h5ad,17346,253,18,33.493,55373.34267018537,True,6
liu2022spatiotemporal,zf5_stereoseq,D:\NicheTypeR_SODB_CACHE\liu2022spatiotemporal\zf5_stereoseq.h5ad,5841,8335,15,19.969,52734.52672048398,True,7
maynard2021trans,151508,D:\NicheTypeR_SODB_CACHE\maynard2021trans\151508.h5ad,4384,33538,8,115.804,45683.31513954457,True,8
Garcia2021Mapping,152811_10x_Visium,D:\NicheTypeR_SODB_CACHE\Garcia2021Mapping\152811_10x_Visium.h5ad,3871,33538,6,74.74,40337.61699479403,True,9
Ratz2022Clonal,GSM4644083_10xvisium,D:\NicheTypeR_SODB_CACHE\Ratz2022Clonal\GSM4644083_10xvisium.h5ad,3736,27999,10,87.938,38256.489772291825,True,10
parigi2022the,GSM5726157_V19S23-095_D1_S8,D:\NicheTypeR_SODB_CACHE\parigi2022the\GSM5726157_V19S23-095_D1_S8.h5ad,3547,31053,12,190.417,36688.33385886034,True,11
rodriques2019slide,Puck_180615_14,D:\NicheTypeR_SODB_CACHE\rodriques2019slide\Puck_180615_14.h5ad,3882,10576,36,9.378,35972.3088661755,True,12
Melo2021Integrating,GSM5224978_counts_A1_S1_10xvisium,D:\NicheTypeR_SODB_CACHE\Melo2021Integrating\GSM5224978_counts_A1_S1_10xvisium.h5ad,3007,33538,13,95.371,31334.33590889838,True,13
Visium_Allen,Allen-3-count-matrix.tsv,D:\NicheTypeR_SODB_CACHE\Visium_Allen\Allen-3-count-matrix.tsv.h5ad,2741,31053,7,54.076,28351.4866386062,True,14
Zhang2023Amolecularly_rawcount,raw_counts_mouse1_coronal_co1_slice1,D:\NicheTypeR_SODB_CACHE\Zhang2023Amolecularly_rawcount\raw_counts_mouse1_coronal_co1_slice1.h5ad,4008,1122,27,8.224,28151.22589059168,True,15
fawkner2021spatiotemporal,A1,D:\NicheTypeR_SODB_CACHE\fawkner2021spatiotemporal\A1.h5ad,2649,33538,9,51.507,27603.809718214772,True,16
hunter2021spatially,sample_A,D:\NicheTypeR_SODB_CACHE\hunter2021spatially\sample_A.h5ad,2425,32268,14,34.492,25176.016067876655,True,17
Juntaro2022MEK,GSM5643203_10xvisium,D:\NicheTypeR_SODB_CACHE\Juntaro2022MEK\GSM5643203_10xvisium.h5ad,2429,31054,15,101.838,25124.39819002898,True,18
10x,Targeted_Visium_Human_OvarianCancer_Pan_Cancer_filtered_feature_bc_matrix,D:\NicheTypeR_SODB_CACHE\10x\Targeted_Visium_Human_OvarianCancer_Pan_Cancer_filtered_feature_bc_matrix.h5ad,3493,1253,8,64.949,24919.38936812668,True,19
Buzzi2022Spatial,GSM5519057_10x_Visium,D:\NicheTypeR_SODB_CACHE\Buzzi2022Spatial\GSM5519057_10x_Visium.h5ad,2427,26124,15,178.802,24684.162669951278,True,20
bergenstrahle2021super,Human_squamous_cell_carcinoma_V10F24-015_D1,D:\NicheTypeR_SODB_CACHE\bergenstrahle2021super\Human_squamous_cell_carcinoma_V10F24-015_D1.h5ad,2363,33538,11,132.301,24623.556951355797,True,21
Dixon2022Spatially,GSM5543480_10x_Visium,D:\NicheTypeR_SODB_CACHE\Dixon2022Spatially\GSM5543480_10x_Visium.h5ad,2219,32285,11,138.105,23038.521143774076,True,22
Barkley2022Cancer,GSM6177601_NYU_BRCA1_Vis_processed,D:\NicheTypeR_SODB_CACHE\Barkley2022Cancer\GSM6177601_NYU_BRCA1_Vis_processed.h5ad,1863,33538,10,79.692,19413.324841462483,True,23
backdahl2021spatial,S41_trimmed,D:\NicheTypeR_SODB_CACHE\backdahl2021spatial\S41_trimmed.h5ad,1597,33538,9,78.003,16641.48135899924,True,24
Pascual2021Dietary,GSM5538854_10x_Visium,D:\NicheTypeR_SODB_CACHE\Pascual2021Dietary\GSM5538854_10x_Visium.h5ad,1269,68886,11,188.0,14136.942682382005,True,25
Merfish_Visp,mouse_VISp,D:\NicheTypeR_SODB_CACHE\Merfish_Visp\mouse_VISp.h5ad,2399,268,16,4.852,13421.712599664812,True,26
Dhainaut2022Spatial,GSM5808056_10x_Visium,D:\NicheTypeR_SODB_CACHE\Dhainaut2022Spatial\GSM5808056_10x_Visium.h5ad,1244,32289,12,153.217,12915.846002507888,True,27
Kadur2022Human,GSM5388414_10x_Visium,D:\NicheTypeR_SODB_CACHE\Kadur2022Human\GSM5388414_10x_Visium.h5ad,1175,36601,12,132.577,12346.733341178642,True,28
kvastad2021the,SupFigure9_a_E1,D:\NicheTypeR_SODB_CACHE\kvastad2021the\SupFigure9_a_E1.h5ad,997,30680,9,23.82,10300.404652925701,True,29
Misra2021Characterizing,GSM5691526_10x_Visium,D:\NicheTypeR_SODB_CACHE\Misra2021Characterizing\GSM5691526_10x_Visium.h5ad,959,32285,9,145.577,9956.711030590057,True,30
Lebrigand2022The,GSM4656181_10x_Visium,D:\NicheTypeR_SODB_CACHE\Lebrigand2022The\GSM4656181_10x_Visium.h5ad,918,31053,8,138.06,9495.317305450744,True,31
Gouin2021An,GSM5224030_MIBC_B371_10xvisium,D:\NicheTypeR_SODB_CACHE\Gouin2021An\GSM5224030_MIBC_B371_10xvisium.h5ad,832,33538,8,228.173,8669.826230862473,True,32
mantri2021spatiotemporal,D4,D:\NicheTypeR_SODB_CACHE\mantri2021spatiotemporal\D4.h5ad,747,24356,8,27.566,7545.129197463325,True,33
xia2019spatial,ER,D:\NicheTypeR_SODB_CACHE\xia2019spatial\ER.h5ad,645,12903,14,40.073,6105.113739774254,True,34
ji2020multimodal,GSM4284325_P10_rep1_ST,D:\NicheTypeR_SODB_CACHE\ji2020multimodal\GSM4284325_P10_rep1_ST.h5ad,608,14655,9,12.493,5832.303892843658,True,35
guilliams2022spatial,GSM5764425_10x_Visium,D:\NicheTypeR_SODB_CACHE\guilliams2022spatial\GSM5764425_10x_Visium.h5ad,532,32738,6,129.197,5530.843467207598,True,36
Konieczny2022Interleukin,GSM5089667_10xvisium,D:\NicheTypeR_SODB_CACHE\Konieczny2022Interleukin\GSM5089667_10xvisium.h5ad,505,32285,8,50.183,5243.106434252324,True,37
chen2020spatial,B06_E1,D:\NicheTypeR_SODB_CACHE\chen2020spatial\B06_E1.h5ad,447,46454,6,188.303,4803.569003340709,True,38
berglund2018spatial,berglund2018spatial_ST_prostate_P2.3,D:\NicheTypeR_SODB_CACHE\berglund2018spatial\berglund2018spatial_ST_prostate_P2.3.h5ad,483,14103,10,8.806,4614.685228729532,True,39
gracia2021genome,kidneyorganoid_V19D02-085_B1,D:\NicheTypeR_SODB_CACHE\gracia2021genome\kidneyorganoid_V19D02-085_B1.h5ad,413,33538,6,115.854,4303.651722771876,False,40
xia2022the,S1-3_stereoseq,D:\NicheTypeR_SODB_CACHE\xia2022the\S1-3_stereoseq.h5ad,389,18257,7,10.469,3817.0075028396354,False,41
Tower2021Spatial,GSM5291684_10xvisium,D:\NicheTypeR_SODB_CACHE\Tower2021Spatial\GSM5291684_10xvisium.h5ad,363,31053,6,52.16,3754.684293985425,False,42
DARTFISH,mouse_cortex,D:\NicheTypeR_SODB_CACHE\DARTFISH\mouse_cortex.h5ad,631,380,9,1.72,3749.9064057049486,False,43
carlberg2019exploring,RA_C_2_ST_deal,D:\NicheTypeR_SODB_CACHE\carlberg2019exploring\RA_C_2_ST_deal.h5ad,340,13307,5,13.784,3228.681016627045,False,44
moncada2020integrating,GSM4100727_spatial_transcriptomics,D:\NicheTypeR_SODB_CACHE\moncada2020integrating\GSM4100727_spatial_transcriptomics.h5ad,359,5758,6,9.85,3108.408366774895,False,45
stahl2016visualization,Layer3_BC_trans,D:\NicheTypeR_SODB_CACHE\stahl2016visualization\Layer3_BC_trans.h5ad,264,9182,6,7.48,2409.02883608997,False,46
ortiz2020molecular,02B,D:\NicheTypeR_SODB_CACHE\ortiz2020molecular\02B.h5ad,218,15326,6,16.314,2100.946934243762,False,47
thrane2018spatially,m4_r1,D:\NicheTypeR_SODB_CACHE\thrane2018spatially\m4_r1.h5ad,212,8069,6,7.015,1907.1326573879667,False,48
