dataset_name,experiment_mode,label_col,task_type,label_evidence,preferred_group_col,include_primary,duplicate_of,note
Fu2021Unsupervised,representative,leiden,cluster_calibration,SODB_standardized_unsupervised_Leiden_not_semantic_truth,,yes,,Operational and matched-null calibration only; excluded from biological annotation accuracy claims
stickels2020highly,representative,leiden,cluster_calibration,SODB_standardized_unsupervised_Leiden_not_semantic_truth,,yes,,Operational and matched-null calibration only; excluded from biological annotation accuracy claims
Vickovic2019high_update,representative,leiden,cluster_calibration,SODB_standardized_unsupervised_Leiden_not_semantic_truth,,yes,,Operational and matched-null calibration only; excluded from biological annotation accuracy claims
Biermann2022Dissecting,representative,leiden,cluster_calibration,SODB_standardized_unsupervised_Leiden_not_semantic_truth,,yes,,Operational and matched-null calibration only; excluded from biological annotation accuracy claims
Borm2022Scalable,representative,leiden,cluster_calibration,SODB_standardized_unsupervised_Leiden_not_semantic_truth,,yes,,Operational and matched-null calibration only; excluded from biological annotation accuracy claims
chen2021decoding,representative,leiden,cluster_calibration,SODB_standardized_unsupervised_Leiden_not_semantic_truth,,yes,,Operational and matched-null calibration only; excluded from biological annotation accuracy claims
liu2022spatiotemporal,representative,leiden,cluster_calibration,SODB_standardized_unsupervised_Leiden_not_semantic_truth,,yes,,Operational and matched-null calibration only; excluded from biological annotation accuracy claims
maynard2021trans,representative,leiden,cluster_calibration,SODB_standardized_unsupervised_Leiden_not_semantic_truth,,yes,,Operational and matched-null calibration only; excluded from biological annotation accuracy claims
Garcia2021Mapping,representative,leiden,cluster_calibration,SODB_standardized_unsupervised_Leiden_not_semantic_truth,,yes,,Operational and matched-null calibration only; excluded from biological annotation accuracy claims
Ratz2022Clonal,representative,leiden,cluster_calibration,SODB_standardized_unsupervised_Leiden_not_semantic_truth,,yes,,Operational and matched-null calibration only; excluded from biological annotation accuracy claims
parigi2022the,representative,leiden,cluster_calibration,SODB_standardized_unsupervised_Leiden_not_semantic_truth,,yes,,Operational and matched-null calibration only; excluded from biological annotation accuracy claims
rodriques2019slide,representative,leiden,cluster_calibration,SODB_standardized_unsupervised_Leiden_not_semantic_truth,,yes,,Operational and matched-null calibration only; excluded from biological annotation accuracy claims
Melo2021Integrating,representative,leiden,cluster_calibration,SODB_standardized_unsupervised_Leiden_not_semantic_truth,,yes,,Operational and matched-null calibration only; excluded from biological annotation accuracy claims
Visium_Allen,representative,leiden,cluster_calibration,SODB_standardized_unsupervised_Leiden_not_semantic_truth,,yes,,Operational and matched-null calibration only; excluded from biological annotation accuracy claims
Zhang2023Amolecularly_rawcount,representative,leiden,cluster_calibration,SODB_standardized_unsupervised_Leiden_not_semantic_truth,,yes,,Operational and matched-null calibration only; excluded from biological annotation accuracy claims
fawkner2021spatiotemporal,representative,leiden,cluster_calibration,SODB_standardized_unsupervised_Leiden_not_semantic_truth,,yes,,Operational and matched-null calibration only; excluded from biological annotation accuracy claims
hunter2021spatially,representative,leiden,cluster_calibration,SODB_standardized_unsupervised_Leiden_not_semantic_truth,,yes,,Operational and matched-null calibration only; excluded from biological annotation accuracy claims
Juntaro2022MEK,representative,leiden,cluster_calibration,SODB_standardized_unsupervised_Leiden_not_semantic_truth,,yes,,Operational and matched-null calibration only; excluded from biological annotation accuracy claims
10x,representative,leiden,cluster_calibration,SODB_standardized_unsupervised_Leiden_not_semantic_truth,,yes,,Operational and matched-null calibration only; excluded from biological annotation accuracy claims
Buzzi2022Spatial,representative,leiden,cluster_calibration,SODB_standardized_unsupervised_Leiden_not_semantic_truth,,yes,,Operational and matched-null calibration only; excluded from biological annotation accuracy claims
bergenstrahle2021super,representative,leiden,cluster_calibration,SODB_standardized_unsupervised_Leiden_not_semantic_truth,,yes,,Operational and matched-null calibration only; excluded from biological annotation accuracy claims
Dixon2022Spatially,representative,leiden,cluster_calibration,SODB_standardized_unsupervised_Leiden_not_semantic_truth,,yes,,Operational and matched-null calibration only; excluded from biological annotation accuracy claims
Barkley2022Cancer,representative,leiden,cluster_calibration,SODB_standardized_unsupervised_Leiden_not_semantic_truth,,yes,,Operational and matched-null calibration only; excluded from biological annotation accuracy claims
backdahl2021spatial,representative,leiden,cluster_calibration,SODB_standardized_unsupervised_Leiden_not_semantic_truth,,yes,,Operational and matched-null calibration only; excluded from biological annotation accuracy claims
Pascual2021Dietary,representative,leiden,cluster_calibration,SODB_standardized_unsupervised_Leiden_not_semantic_truth,,yes,,Operational and matched-null calibration only; excluded from biological annotation accuracy claims
Merfish_Visp,representative,leiden,cluster_calibration,SODB_standardized_unsupervised_Leiden_not_semantic_truth,,yes,,Operational and matched-null calibration only; excluded from biological annotation accuracy claims
Dhainaut2022Spatial,representative,leiden,cluster_calibration,SODB_standardized_unsupervised_Leiden_not_semantic_truth,,yes,,Operational and matched-null calibration only; excluded from biological annotation accuracy claims
Kadur2022Human,representative,leiden,cluster_calibration,SODB_standardized_unsupervised_Leiden_not_semantic_truth,,yes,,Operational and matched-null calibration only; excluded from biological annotation accuracy claims
kvastad2021the,representative,leiden,cluster_calibration,SODB_standardized_unsupervised_Leiden_not_semantic_truth,,yes,,Operational and matched-null calibration only; excluded from biological annotation accuracy claims
Misra2021Characterizing,representative,leiden,cluster_calibration,SODB_standardized_unsupervised_Leiden_not_semantic_truth,,yes,,Operational and matched-null calibration only; excluded from biological annotation accuracy claims
Lebrigand2022The,representative,leiden,cluster_calibration,SODB_standardized_unsupervised_Leiden_not_semantic_truth,,yes,,Operational and matched-null calibration only; excluded from biological annotation accuracy claims
Gouin2021An,representative,leiden,cluster_calibration,SODB_standardized_unsupervised_Leiden_not_semantic_truth,,yes,,Operational and matched-null calibration only; excluded from biological annotation accuracy claims
mantri2021spatiotemporal,representative,leiden,cluster_calibration,SODB_standardized_unsupervised_Leiden_not_semantic_truth,,yes,,Operational and matched-null calibration only; excluded from biological annotation accuracy claims
xia2019spatial,representative,leiden,cluster_calibration,SODB_standardized_unsupervised_Leiden_not_semantic_truth,,yes,,Operational and matched-null calibration only; excluded from biological annotation accuracy claims
ji2020multimodal,representative,leiden,cluster_calibration,SODB_standardized_unsupervised_Leiden_not_semantic_truth,,yes,,Operational and matched-null calibration only; excluded from biological annotation accuracy claims
guilliams2022spatial,representative,leiden,cluster_calibration,SODB_standardized_unsupervised_Leiden_not_semantic_truth,,yes,,Operational and matched-null calibration only; excluded from biological annotation accuracy claims
Konieczny2022Interleukin,representative,leiden,cluster_calibration,SODB_standardized_unsupervised_Leiden_not_semantic_truth,,yes,,Operational and matched-null calibration only; excluded from biological annotation accuracy claims
chen2020spatial,representative,leiden,cluster_calibration,SODB_standardized_unsupervised_Leiden_not_semantic_truth,,yes,,Operational and matched-null calibration only; excluded from biological annotation accuracy claims
berglund2018spatial,representative,leiden,cluster_calibration,SODB_standardized_unsupervised_Leiden_not_semantic_truth,,yes,,Operational and matched-null calibration only; excluded from biological annotation accuracy claims
