scale,macro_f1_delta_threshold,n_dataset_configs,learned_neighborhood_configs,context_residual_configs,learned_neighborhood_fraction,context_residual_fraction
all,0.0,48,17,5,0.3541666666666667,0.10416666666666667
expanded,0.0,36,11,5,0.3055555555555556,0.1388888888888889
preview,0.0,12,6,0,0.5,0.0
all,0.001,48,11,2,0.22916666666666666,0.041666666666666664
expanded,0.001,36,7,2,0.19444444444444445,0.05555555555555555
preview,0.001,12,4,0,0.3333333333333333,0.0
all,0.0025,48,10,0,0.20833333333333334,0.0
expanded,0.0025,36,6,0,0.16666666666666666,0.0
preview,0.0025,12,4,0,0.3333333333333333,0.0
all,0.005,48,6,0,0.125,0.0
expanded,0.005,36,3,0,0.08333333333333333,0.0
preview,0.005,12,3,0,0.25,0.0
all,0.0075,48,5,0,0.10416666666666667,0.0
expanded,0.0075,36,2,0,0.05555555555555555,0.0
preview,0.0075,12,3,0,0.25,0.0
all,0.01,48,1,0,0.020833333333333332,0.0
expanded,0.01,36,1,0,0.027777777777777776,0.0
preview,0.01,12,0,0,0.0,0.0
all,0.02,48,0,0,0.0,0.0
expanded,0.02,36,0,0,0.0,0.0
preview,0.02,12,0,0,0.0,0.0
