scale,label_f1_delta_threshold,n_label_tasks,learned_neighborhood_tasks,context_residual_tasks,learned_neighborhood_fraction,context_residual_fraction
all,0.0,941,310,167,0.3294367693942614,0.17747077577045697
expanded,0.0,724,225,113,0.31077348066298344,0.15607734806629833
preview,0.0,217,85,54,0.391705069124424,0.2488479262672811
all,0.001,941,251,138,0.2667375132837407,0.14665249734325186
expanded,0.001,724,176,90,0.2430939226519337,0.12430939226519337
preview,0.001,217,75,48,0.3456221198156682,0.22119815668202766
all,0.0025,941,204,96,0.21679064824654623,0.10201912858660998
expanded,0.0025,724,132,58,0.18232044198895028,0.08011049723756906
preview,0.0025,217,72,38,0.3317972350230415,0.17511520737327188
all,0.005,941,142,56,0.15090329436769395,0.05951115834218916
expanded,0.005,724,81,31,0.11187845303867404,0.04281767955801105
preview,0.005,217,61,25,0.28110599078341014,0.1152073732718894
all,0.01,941,83,22,0.08820403825717323,0.023379383634431455
expanded,0.01,724,38,11,0.052486187845303865,0.015193370165745856
preview,0.01,217,45,11,0.2073732718894009,0.05069124423963134
all,0.02,941,44,11,0.04675876726886291,0.011689691817215728
expanded,0.02,724,14,5,0.019337016574585635,0.006906077348066298
preview,0.02,217,30,6,0.1382488479262673,0.027649769585253458
all,0.05,941,8,3,0.008501594048884165,0.003188097768331562
expanded,0.05,724,2,0,0.0027624309392265192,0.0
preview,0.05,217,6,3,0.027649769585253458,0.013824884792626729
